Index,Image_ID,Breed,Garment_Name,Garment_Asset,Chest_Girth_cm,Back_Length_cm,Height_cm,Recommended_Size,Fit_Ratio,Verdict,Clean_VTON_Image
1,golden_00001,Golden Retriever,Ruffwear Climate Changer (Orange Fleece),03_ruffwear_climate_changer_orange.jpg,95.5,62.0,58.0,XL,1.11,Tight,D:\3d-canine-vton-sync\real_ipadapter_clean_vton_outputs\golden_00001_clean_tryon.png
2,golden_00002,Golden Retriever,Ruffwear Climate Changer (Orange Fleece),03_ruffwear_climate_changer_orange.jpg,95.5,62.0,58.0,XL,1.11,Tight,D:\3d-canine-vton-sync\real_ipadapter_clean_vton_outputs\golden_00002_clean_tryon.png
3,golden_00003,Golden Retriever,Ruffwear Climate Changer (Orange Fleece),03_ruffwear_climate_changer_orange.jpg,95.5,62.0,58.0,XL,1.11,Tight,D:\3d-canine-vton-sync\real_ipadapter_clean_vton_outputs\golden_00003_clean_tryon.png
4,golden_00004,Golden Retriever,Ruffwear Climate Changer (Orange Fleece),03_ruffwear_climate_changer_orange.jpg,95.5,62.0,58.0,XL,1.11,Tight,D:\3d-canine-vton-sync\real_ipadapter_clean_vton_outputs\golden_00004_clean_tryon.png
5,golden_00005,Golden Retriever,Ruffwear Climate Changer (Orange Fleece),03_ruffwear_climate_changer_orange.jpg,95.5,62.0,58.0,XL,1.11,Tight,D:\3d-canine-vton-sync\real_ipadapter_clean_vton_outputs\golden_00005_clean_tryon.png
6,golden_00006,Golden Retriever,Ruffwear Climate Changer (Orange Fleece),03_ruffwear_climate_changer_orange.jpg,95.5,62.0,58.0,XL,1.11,Tight,D:\3d-canine-vton-sync\real_ipadapter_clean_vton_outputs\golden_00006_clean_tryon.png
7,golden_00007,Golden Retriever,Ruffwear Climate Changer (Orange Fleece),03_ruffwear_climate_changer_orange.jpg,95.5,62.0,58.0,XL,1.11,Tight,D:\3d-canine-vton-sync\real_ipadapter_clean_vton_outputs\golden_00007_clean_tryon.png
8,golden_00008,Golden Retriever,Ruffwear Climate Changer (Orange Fleece),03_ruffwear_climate_changer_orange.jpg,95.5,62.0,58.0,XL,1.11,Tight,D:\3d-canine-vton-sync\real_ipadapter_clean_vton_outputs\golden_00008_clean_tryon.png
9,golden_00009,Golden Retriever,Ruffwear Climate Changer (Orange Fleece),03_ruffwear_climate_changer_orange.jpg,95.5,62.0,58.0,XL,1.11,Tight,D:\3d-canine-vton-sync\real_ipadapter_clean_vton_outputs\golden_00009_clean_tryon.png
10,golden_00010,Golden Retriever,Ruffwear Climate Changer (Orange Fleece),03_ruffwear_climate_changer_orange.jpg,95.5,62.0,58.0,XL,1.11,Tight,D:\3d-canine-vton-sync\real_ipadapter_clean_vton_outputs\golden_00010_clean_tryon.png
11,golden_00011,Golden Retriever,Ruffwear Climate Changer (Orange Fleece),03_ruffwear_climate_changer_orange.jpg,95.5,62.0,58.0,XL,1.11,Tight,D:\3d-canine-vton-sync\real_ipadapter_clean_vton_outputs\golden_00011_clean_tryon.png
12,golden_00012,Golden Retriever,Ruffwear Climate Changer (Orange Fleece),03_ruffwear_climate_changer_orange.jpg,95.5,62.0,58.0,XL,1.11,Tight,D:\3d-canine-vton-sync\real_ipadapter_clean_vton_outputs\golden_00012_clean_tryon.png
13,golden_00013,Golden Retriever,Ruffwear Climate Changer (Orange Fleece),03_ruffwear_climate_changer_orange.jpg,95.5,62.0,58.0,XL,1.11,Tight,D:\3d-canine-vton-sync\real_ipadapter_clean_vton_outputs\golden_00013_clean_tryon.png
14,golden_00014,Golden Retriever,Ruffwear Climate Changer (Orange Fleece),03_ruffwear_climate_changer_orange.jpg,95.5,62.0,58.0,XL,1.11,Tight,D:\3d-canine-vton-sync\real_ipadapter_clean_vton_outputs\golden_00014_clean_tryon.png
15,golden_00015,Golden Retriever,Ruffwear Climate Changer (Orange Fleece),03_ruffwear_climate_changer_orange.jpg,95.5,62.0,58.0,XL,1.11,Tight,D:\3d-canine-vton-sync\real_ipadapter_clean_vton_outputs\golden_00015_clean_tryon.png
16,golden_00016,Golden Retriever,Ruffwear Climate Changer (Orange Fleece),03_ruffwear_climate_changer_orange.jpg,95.5,62.0,58.0,XL,1.11,Tight,D:\3d-canine-vton-sync\real_ipadapter_clean_vton_outputs\golden_00016_clean_tryon.png
17,golden_00017,Golden Retriever,Ruffwear Climate Changer (Orange Fleece),03_ruffwear_climate_changer_orange.jpg,95.5,62.0,58.0,XL,1.11,Tight,D:\3d-canine-vton-sync\real_ipadapter_clean_vton_outputs\golden_00017_clean_tryon.png
18,golden_00018,Golden Retriever,Ruffwear Climate Changer (Orange Fleece),03_ruffwear_climate_changer_orange.jpg,95.5,62.0,58.0,XL,1.11,Tight,D:\3d-canine-vton-sync\real_ipadapter_clean_vton_outputs\golden_00018_clean_tryon.png
19,golden_00019,Golden Retriever,Ruffwear Climate Changer (Orange Fleece),03_ruffwear_climate_changer_orange.jpg,95.5,62.0,58.0,XL,1.11,Tight,D:\3d-canine-vton-sync\real_ipadapter_clean_vton_outputs\golden_00019_clean_tryon.png
20,golden_00020,Golden Retriever,Ruffwear Climate Changer (Orange Fleece),03_ruffwear_climate_changer_orange.jpg,95.5,62.0,58.0,XL,1.11,Tight,D:\3d-canine-vton-sync\real_ipadapter_clean_vton_outputs\golden_00020_clean_tryon.png
21,golden_00021,Golden Retriever,Ruffwear Climate Changer (Orange Fleece),03_ruffwear_climate_changer_orange.jpg,95.5,62.0,58.0,XL,1.11,Tight,D:\3d-canine-vton-sync\real_ipadapter_clean_vton_outputs\golden_00021_clean_tryon.png
22,golden_00022,Golden Retriever,Ruffwear Climate Changer (Orange Fleece),03_ruffwear_climate_changer_orange.jpg,95.5,62.0,58.0,XL,1.11,Tight,D:\3d-canine-vton-sync\real_ipadapter_clean_vton_outputs\golden_00022_clean_tryon.png
23,golden_00023,Golden Retriever,Ruffwear Climate Changer (Orange Fleece),03_ruffwear_climate_changer_orange.jpg,95.5,62.0,58.0,XL,1.11,Tight,D:\3d-canine-vton-sync\real_ipadapter_clean_vton_outputs\golden_00023_clean_tryon.png
24,golden_00024,Golden Retriever,Ruffwear Climate Changer (Orange Fleece),03_ruffwear_climate_changer_orange.jpg,95.5,62.0,58.0,XL,1.11,Tight,D:\3d-canine-vton-sync\real_ipadapter_clean_vton_outputs\golden_00024_clean_tryon.png
25,golden_00025,Golden Retriever,Ruffwear Climate Changer (Orange Fleece),03_ruffwear_climate_changer_orange.jpg,95.5,62.0,58.0,XL,1.11,Tight,D:\3d-canine-vton-sync\real_ipadapter_clean_vton_outputs\golden_00025_clean_tryon.png
26,golden_00026,Golden Retriever,Ruffwear Climate Changer (Orange Fleece),03_ruffwear_climate_changer_orange.jpg,95.5,62.0,58.0,XL,1.11,Tight,D:\3d-canine-vton-sync\real_ipadapter_clean_vton_outputs\golden_00026_clean_tryon.png
27,golden_00027,Golden Retriever,Ruffwear Climate Changer (Orange Fleece),03_ruffwear_climate_changer_orange.jpg,95.5,62.0,58.0,XL,1.11,Tight,D:\3d-canine-vton-sync\real_ipadapter_clean_vton_outputs\golden_00027_clean_tryon.png
28,golden_00028,Golden Retriever,Ruffwear Climate Changer (Orange Fleece),03_ruffwear_climate_changer_orange.jpg,95.5,62.0,58.0,XL,1.11,Tight,D:\3d-canine-vton-sync\real_ipadapter_clean_vton_outputs\golden_00028_clean_tryon.png
29,golden_00029,Golden Retriever,Ruffwear Climate Changer (Orange Fleece),03_ruffwear_climate_changer_orange.jpg,95.5,62.0,58.0,XL,1.11,Tight,D:\3d-canine-vton-sync\real_ipadapter_clean_vton_outputs\golden_00029_clean_tryon.png
30,golden_00030,Golden Retriever,Ruffwear Climate Changer (Orange Fleece),03_ruffwear_climate_changer_orange.jpg,95.5,62.0,58.0,XL,1.11,Tight,D:\3d-canine-vton-sync\real_ipadapter_clean_vton_outputs\golden_00030_clean_tryon.png
31,golden_00031,Golden Retriever,Ruffwear Climate Changer (Orange Fleece),03_ruffwear_climate_changer_orange.jpg,95.5,62.0,58.0,XL,1.11,Tight,D:\3d-canine-vton-sync\real_ipadapter_clean_vton_outputs\golden_00031_clean_tryon.png
32,golden_00032,Golden Retriever,Ruffwear Climate Changer (Orange Fleece),03_ruffwear_climate_changer_orange.jpg,95.5,62.0,58.0,XL,1.11,Tight,D:\3d-canine-vton-sync\real_ipadapter_clean_vton_outputs\golden_00032_clean_tryon.png
33,golden_00033,Golden Retriever,Ruffwear Climate Changer (Orange Fleece),03_ruffwear_climate_changer_orange.jpg,95.5,62.0,58.0,XL,1.11,Tight,D:\3d-canine-vton-sync\real_ipadapter_clean_vton_outputs\golden_00033_clean_tryon.png
34,golden_00034,Golden Retriever,Ruffwear Climate Changer (Orange Fleece),03_ruffwear_climate_changer_orange.jpg,95.5,62.0,58.0,XL,1.11,Tight,D:\3d-canine-vton-sync\real_ipadapter_clean_vton_outputs\golden_00034_clean_tryon.png
35,golden_00035,Golden Retriever,Ruffwear Climate Changer (Orange Fleece),03_ruffwear_climate_changer_orange.jpg,95.5,62.0,58.0,XL,1.11,Tight,D:\3d-canine-vton-sync\real_ipadapter_clean_vton_outputs\golden_00035_clean_tryon.png
36,golden_00036,Golden Retriever,Ruffwear Climate Changer (Orange Fleece),03_ruffwear_climate_changer_orange.jpg,95.5,62.0,58.0,XL,1.11,Tight,D:\3d-canine-vton-sync\real_ipadapter_clean_vton_outputs\golden_00036_clean_tryon.png
37,golden_00037,Golden Retriever,Ruffwear Climate Changer (Orange Fleece),03_ruffwear_climate_changer_orange.jpg,95.5,62.0,58.0,XL,1.11,Tight,D:\3d-canine-vton-sync\real_ipadapter_clean_vton_outputs\golden_00037_clean_tryon.png
38,golden_00038,Golden Retriever,Ruffwear Climate Changer (Orange Fleece),03_ruffwear_climate_changer_orange.jpg,95.5,62.0,58.0,XL,1.11,Tight,D:\3d-canine-vton-sync\real_ipadapter_clean_vton_outputs\golden_00038_clean_tryon.png
39,golden_00039,Golden Retriever,Ruffwear Climate Changer (Orange Fleece),03_ruffwear_climate_changer_orange.jpg,95.5,62.0,58.0,XL,1.11,Tight,D:\3d-canine-vton-sync\real_ipadapter_clean_vton_outputs\golden_00039_clean_tryon.png
40,golden_00040,Golden Retriever,Ruffwear Climate Changer (Orange Fleece),03_ruffwear_climate_changer_orange.jpg,95.5,62.0,58.0,XL,1.11,Tight,D:\3d-canine-vton-sync\real_ipadapter_clean_vton_outputs\golden_00040_clean_tryon.png
41,golden_00041,Golden Retriever,Ruffwear Climate Changer (Orange Fleece),03_ruffwear_climate_changer_orange.jpg,95.5,62.0,58.0,XL,1.11,Tight,D:\3d-canine-vton-sync\real_ipadapter_clean_vton_outputs\golden_00041_clean_tryon.png
42,golden_00042,Golden Retriever,Ruffwear Climate Changer (Orange Fleece),03_ruffwear_climate_changer_orange.jpg,95.5,62.0,58.0,XL,1.11,Tight,D:\3d-canine-vton-sync\real_ipadapter_clean_vton_outputs\golden_00042_clean_tryon.png
43,golden_00043,Golden Retriever,Ruffwear Climate Changer (Orange Fleece),03_ruffwear_climate_changer_orange.jpg,95.5,62.0,58.0,XL,1.11,Tight,D:\3d-canine-vton-sync\real_ipadapter_clean_vton_outputs\golden_00043_clean_tryon.png
44,golden_00044,Golden Retriever,Ruffwear Climate Changer (Orange Fleece),03_ruffwear_climate_changer_orange.jpg,95.5,62.0,58.0,XL,1.11,Tight,D:\3d-canine-vton-sync\real_ipadapter_clean_vton_outputs\golden_00044_clean_tryon.png
45,golden_00045,Golden Retriever,Ruffwear Climate Changer (Orange Fleece),03_ruffwear_climate_changer_orange.jpg,95.5,62.0,58.0,XL,1.11,Tight,D:\3d-canine-vton-sync\real_ipadapter_clean_vton_outputs\golden_00045_clean_tryon.png
46,golden_00046,Golden Retriever,Ruffwear Climate Changer (Orange Fleece),03_ruffwear_climate_changer_orange.jpg,95.5,62.0,58.0,XL,1.11,Tight,D:\3d-canine-vton-sync\real_ipadapter_clean_vton_outputs\golden_00046_clean_tryon.png
47,golden_00047,Golden Retriever,Ruffwear Climate Changer (Orange Fleece),03_ruffwear_climate_changer_orange.jpg,95.5,62.0,58.0,XL,1.11,Tight,D:\3d-canine-vton-sync\real_ipadapter_clean_vton_outputs\golden_00047_clean_tryon.png
48,golden_00048,Golden Retriever,Ruffwear Climate Changer (Orange Fleece),03_ruffwear_climate_changer_orange.jpg,95.5,62.0,58.0,XL,1.11,Tight,D:\3d-canine-vton-sync\real_ipadapter_clean_vton_outputs\golden_00048_clean_tryon.png
49,golden_00049,Golden Retriever,Ruffwear Climate Changer (Orange Fleece),03_ruffwear_climate_changer_orange.jpg,95.5,62.0,58.0,XL,1.11,Tight,D:\3d-canine-vton-sync\real_ipadapter_clean_vton_outputs\golden_00049_clean_tryon.png
50,golden_00050,Golden Retriever,Ruffwear Climate Changer (Orange Fleece),03_ruffwear_climate_changer_orange.jpg,95.5,62.0,58.0,XL,1.11,Tight,D:\3d-canine-vton-sync\real_ipadapter_clean_vton_outputs\golden_00050_clean_tryon.png
51,golden_00051,Golden Retriever,Ruffwear Climate Changer (Orange Fleece),03_ruffwear_climate_changer_orange.jpg,95.5,62.0,58.0,XL,1.11,Tight,D:\3d-canine-vton-sync\real_ipadapter_clean_vton_outputs\golden_00051_clean_tryon.png
52,golden_00052,Golden Retriever,Ruffwear Climate Changer (Orange Fleece),03_ruffwear_climate_changer_orange.jpg,95.5,62.0,58.0,XL,1.11,Tight,D:\3d-canine-vton-sync\real_ipadapter_clean_vton_outputs\golden_00052_clean_tryon.png
53,golden_00053,Golden Retriever,Ruffwear Climate Changer (Orange Fleece),03_ruffwear_climate_changer_orange.jpg,95.5,62.0,58.0,XL,1.11,Tight,D:\3d-canine-vton-sync\real_ipadapter_clean_vton_outputs\golden_00053_clean_tryon.png
54,golden_00054,Golden Retriever,Ruffwear Climate Changer (Orange Fleece),03_ruffwear_climate_changer_orange.jpg,95.5,62.0,58.0,XL,1.11,Tight,D:\3d-canine-vton-sync\real_ipadapter_clean_vton_outputs\golden_00054_clean_tryon.png
55,golden_00055,Golden Retriever,Ruffwear Climate Changer (Orange Fleece),03_ruffwear_climate_changer_orange.jpg,95.5,62.0,58.0,XL,1.11,Tight,D:\3d-canine-vton-sync\real_ipadapter_clean_vton_outputs\golden_00055_clean_tryon.png
56,golden_00056,Golden Retriever,Ruffwear Climate Changer (Orange Fleece),03_ruffwear_climate_changer_orange.jpg,95.5,62.0,58.0,XL,1.11,Tight,D:\3d-canine-vton-sync\real_ipadapter_clean_vton_outputs\golden_00056_clean_tryon.png
57,golden_00057,Golden Retriever,Ruffwear Climate Changer (Orange Fleece),03_ruffwear_climate_changer_orange.jpg,95.5,62.0,58.0,XL,1.11,Tight,D:\3d-canine-vton-sync\real_ipadapter_clean_vton_outputs\golden_00057_clean_tryon.png
58,golden_00058,Golden Retriever,Ruffwear Climate Changer (Orange Fleece),03_ruffwear_climate_changer_orange.jpg,95.5,62.0,58.0,XL,1.11,Tight,D:\3d-canine-vton-sync\real_ipadapter_clean_vton_outputs\golden_00058_clean_tryon.png
59,golden_00059,Golden Retriever,Ruffwear Climate Changer (Orange Fleece),03_ruffwear_climate_changer_orange.jpg,95.5,62.0,58.0,XL,1.11,Tight,D:\3d-canine-vton-sync\real_ipadapter_clean_vton_outputs\golden_00059_clean_tryon.png
60,golden_00060,Golden Retriever,Ruffwear Climate Changer (Orange Fleece),03_ruffwear_climate_changer_orange.jpg,95.5,62.0,58.0,XL,1.11,Tight,D:\3d-canine-vton-sync\real_ipadapter_clean_vton_outputs\golden_00060_clean_tryon.png
61,golden_00061,Golden Retriever,Ruffwear Climate Changer (Orange Fleece),03_ruffwear_climate_changer_orange.jpg,95.5,62.0,58.0,XL,1.11,Tight,D:\3d-canine-vton-sync\real_ipadapter_clean_vton_outputs\golden_00061_clean_tryon.png
62,golden_00062,Golden Retriever,Ruffwear Climate Changer (Orange Fleece),03_ruffwear_climate_changer_orange.jpg,95.5,62.0,58.0,XL,1.11,Tight,D:\3d-canine-vton-sync\real_ipadapter_clean_vton_outputs\golden_00062_clean_tryon.png
63,golden_00063,Golden Retriever,Ruffwear Climate Changer (Orange Fleece),03_ruffwear_climate_changer_orange.jpg,95.5,62.0,58.0,XL,1.11,Tight,D:\3d-canine-vton-sync\real_ipadapter_clean_vton_outputs\golden_00063_clean_tryon.png
64,labrador_00001,Labrador Retriever,Ruffwear Climate Changer (Orange Fleece),03_ruffwear_climate_changer_orange.jpg,95.5,62.0,58.0,XL,1.11,Tight,D:\3d-canine-vton-sync\real_ipadapter_clean_vton_outputs\labrador_00001_clean_tryon.png
65,labrador_00002,Labrador Retriever,Ruffwear Climate Changer (Orange Fleece),03_ruffwear_climate_changer_orange.jpg,95.5,62.0,58.0,XL,1.11,Tight,D:\3d-canine-vton-sync\real_ipadapter_clean_vton_outputs\labrador_00002_clean_tryon.png
66,labrador_00003,Labrador Retriever,Ruffwear Climate Changer (Orange Fleece),03_ruffwear_climate_changer_orange.jpg,95.5,62.0,58.0,XL,1.11,Tight,D:\3d-canine-vton-sync\real_ipadapter_clean_vton_outputs\labrador_00003_clean_tryon.png
67,labrador_00004,Labrador Retriever,Ruffwear Climate Changer (Orange Fleece),03_ruffwear_climate_changer_orange.jpg,95.5,62.0,58.0,XL,1.11,Tight,D:\3d-canine-vton-sync\real_ipadapter_clean_vton_outputs\labrador_00004_clean_tryon.png
68,labrador_00005,Labrador Retriever,Ruffwear Climate Changer (Orange Fleece),03_ruffwear_climate_changer_orange.jpg,95.5,62.0,58.0,XL,1.11,Tight,D:\3d-canine-vton-sync\real_ipadapter_clean_vton_outputs\labrador_00005_clean_tryon.png
69,labrador_00006,Labrador Retriever,Ruffwear Climate Changer (Orange Fleece),03_ruffwear_climate_changer_orange.jpg,95.5,62.0,58.0,XL,1.11,Tight,D:\3d-canine-vton-sync\real_ipadapter_clean_vton_outputs\labrador_00006_clean_tryon.png
70,labrador_00007,Labrador Retriever,Ruffwear Climate Changer (Orange Fleece),03_ruffwear_climate_changer_orange.jpg,95.5,62.0,58.0,XL,1.11,Tight,D:\3d-canine-vton-sync\real_ipadapter_clean_vton_outputs\labrador_00007_clean_tryon.png
71,labrador_00008,Labrador Retriever,Ruffwear Climate Changer (Orange Fleece),03_ruffwear_climate_changer_orange.jpg,95.5,62.0,58.0,XL,1.11,Tight,D:\3d-canine-vton-sync\real_ipadapter_clean_vton_outputs\labrador_00008_clean_tryon.png
72,labrador_00009,Labrador Retriever,Ruffwear Climate Changer (Orange Fleece),03_ruffwear_climate_changer_orange.jpg,95.5,62.0,58.0,XL,1.11,Tight,D:\3d-canine-vton-sync\real_ipadapter_clean_vton_outputs\labrador_00009_clean_tryon.png
73,labrador_00010,Labrador Retriever,Ruffwear Climate Changer (Orange Fleece),03_ruffwear_climate_changer_orange.jpg,95.5,62.0,58.0,XL,1.11,Tight,D:\3d-canine-vton-sync\real_ipadapter_clean_vton_outputs\labrador_00010_clean_tryon.png
74,labrador_00011,Labrador Retriever,Ruffwear Climate Changer (Orange Fleece),03_ruffwear_climate_changer_orange.jpg,95.5,62.0,58.0,XL,1.11,Tight,D:\3d-canine-vton-sync\real_ipadapter_clean_vton_outputs\labrador_00011_clean_tryon.png
75,labrador_00012,Labrador Retriever,Ruffwear Climate Changer (Orange Fleece),03_ruffwear_climate_changer_orange.jpg,95.5,62.0,58.0,XL,1.11,Tight,D:\3d-canine-vton-sync\real_ipadapter_clean_vton_outputs\labrador_00012_clean_tryon.png
76,labrador_00013,Labrador Retriever,Ruffwear Climate Changer (Orange Fleece),03_ruffwear_climate_changer_orange.jpg,95.5,62.0,58.0,XL,1.11,Tight,D:\3d-canine-vton-sync\real_ipadapter_clean_vton_outputs\labrador_00013_clean_tryon.png
77,labrador_00014,Labrador Retriever,Ruffwear Climate Changer (Orange Fleece),03_ruffwear_climate_changer_orange.jpg,95.5,62.0,58.0,XL,1.11,Tight,D:\3d-canine-vton-sync\real_ipadapter_clean_vton_outputs\labrador_00014_clean_tryon.png
78,labrador_00015,Labrador Retriever,Ruffwear Climate Changer (Orange Fleece),03_ruffwear_climate_changer_orange.jpg,95.5,62.0,58.0,XL,1.11,Tight,D:\3d-canine-vton-sync\real_ipadapter_clean_vton_outputs\labrador_00015_clean_tryon.png
79,labrador_00016,Labrador Retriever,Ruffwear Climate Changer (Orange Fleece),03_ruffwear_climate_changer_orange.jpg,95.5,62.0,58.0,XL,1.11,Tight,D:\3d-canine-vton-sync\real_ipadapter_clean_vton_outputs\labrador_00016_clean_tryon.png
80,labrador_00017,Labrador Retriever,Ruffwear Climate Changer (Orange Fleece),03_ruffwear_climate_changer_orange.jpg,95.5,62.0,58.0,XL,1.11,Tight,D:\3d-canine-vton-sync\real_ipadapter_clean_vton_outputs\labrador_00017_clean_tryon.png
81,labrador_00018,Labrador Retriever,Ruffwear Climate Changer (Orange Fleece),03_ruffwear_climate_changer_orange.jpg,95.5,62.0,58.0,XL,1.11,Tight,D:\3d-canine-vton-sync\real_ipadapter_clean_vton_outputs\labrador_00018_clean_tryon.png
82,labrador_00019,Labrador Retriever,Ruffwear Climate Changer (Orange Fleece),03_ruffwear_climate_changer_orange.jpg,95.5,62.0,58.0,XL,1.11,Tight,D:\3d-canine-vton-sync\real_ipadapter_clean_vton_outputs\labrador_00019_clean_tryon.png
83,labrador_00020,Labrador Retriever,Ruffwear Climate Changer (Orange Fleece),03_ruffwear_climate_changer_orange.jpg,95.5,62.0,58.0,XL,1.11,Tight,D:\3d-canine-vton-sync\real_ipadapter_clean_vton_outputs\labrador_00020_clean_tryon.png
84,labrador_00021,Labrador Retriever,Ruffwear Climate Changer (Orange Fleece),03_ruffwear_climate_changer_orange.jpg,95.5,62.0,58.0,XL,1.11,Tight,D:\3d-canine-vton-sync\real_ipadapter_clean_vton_outputs\labrador_00021_clean_tryon.png
85,labrador_00022,Labrador Retriever,Ruffwear Climate Changer (Orange Fleece),03_ruffwear_climate_changer_orange.jpg,95.5,62.0,58.0,XL,1.11,Tight,D:\3d-canine-vton-sync\real_ipadapter_clean_vton_outputs\labrador_00022_clean_tryon.png
86,labrador_00023,Labrador Retriever,Ruffwear Climate Changer (Orange Fleece),03_ruffwear_climate_changer_orange.jpg,95.5,62.0,58.0,XL,1.11,Tight,D:\3d-canine-vton-sync\real_ipadapter_clean_vton_outputs\labrador_00023_clean_tryon.png
87,labrador_00024,Labrador Retriever,Ruffwear Climate Changer (Orange Fleece),03_ruffwear_climate_changer_orange.jpg,95.5,62.0,58.0,XL,1.11,Tight,D:\3d-canine-vton-sync\real_ipadapter_clean_vton_outputs\labrador_00024_clean_tryon.png
88,labrador_00025,Labrador Retriever,Ruffwear Climate Changer (Orange Fleece),03_ruffwear_climate_changer_orange.jpg,95.5,62.0,58.0,XL,1.11,Tight,D:\3d-canine-vton-sync\real_ipadapter_clean_vton_outputs\labrador_00025_clean_tryon.png
89,labrador_00026,Labrador Retriever,Ruffwear Climate Changer (Orange Fleece),03_ruffwear_climate_changer_orange.jpg,95.5,62.0,58.0,XL,1.11,Tight,D:\3d-canine-vton-sync\real_ipadapter_clean_vton_outputs\labrador_00026_clean_tryon.png
90,labrador_00027,Labrador Retriever,Ruffwear Climate Changer (Orange Fleece),03_ruffwear_climate_changer_orange.jpg,95.5,62.0,58.0,XL,1.11,Tight,D:\3d-canine-vton-sync\real_ipadapter_clean_vton_outputs\labrador_00027_clean_tryon.png
91,labrador_00028,Labrador Retriever,Ruffwear Climate Changer (Orange Fleece),03_ruffwear_climate_changer_orange.jpg,95.5,62.0,58.0,XL,1.11,Tight,D:\3d-canine-vton-sync\real_ipadapter_clean_vton_outputs\labrador_00028_clean_tryon.png
92,labrador_00029,Labrador Retriever,Ruffwear Climate Changer (Orange Fleece),03_ruffwear_climate_changer_orange.jpg,95.5,62.0,58.0,XL,1.11,Tight,D:\3d-canine-vton-sync\real_ipadapter_clean_vton_outputs\labrador_00029_clean_tryon.png
93,labrador_00030,Labrador Retriever,Ruffwear Climate Changer (Orange Fleece),03_ruffwear_climate_changer_orange.jpg,95.5,62.0,58.0,XL,1.11,Tight,D:\3d-canine-vton-sync\real_ipadapter_clean_vton_outputs\labrador_00030_clean_tryon.png
94,labrador_00031,Labrador Retriever,Ruffwear Climate Changer (Orange Fleece),03_ruffwear_climate_changer_orange.jpg,95.5,62.0,58.0,XL,1.11,Tight,D:\3d-canine-vton-sync\real_ipadapter_clean_vton_outputs\labrador_00031_clean_tryon.png
95,labrador_00032,Labrador Retriever,Ruffwear Climate Changer (Orange Fleece),03_ruffwear_climate_changer_orange.jpg,95.5,62.0,58.0,XL,1.11,Tight,D:\3d-canine-vton-sync\real_ipadapter_clean_vton_outputs\labrador_00032_clean_tryon.png
96,labrador_00033,Labrador Retriever,Ruffwear Climate Changer (Orange Fleece),03_ruffwear_climate_changer_orange.jpg,95.5,62.0,58.0,XL,1.11,Tight,D:\3d-canine-vton-sync\real_ipadapter_clean_vton_outputs\labrador_00033_clean_tryon.png
97,labrador_00034,Labrador Retriever,Ruffwear Climate Changer (Orange Fleece),03_ruffwear_climate_changer_orange.jpg,95.5,62.0,58.0,XL,1.11,Tight,D:\3d-canine-vton-sync\real_ipadapter_clean_vton_outputs\labrador_00034_clean_tryon.png
98,labrador_00035,Labrador Retriever,Ruffwear Climate Changer (Orange Fleece),03_ruffwear_climate_changer_orange.jpg,95.5,62.0,58.0,XL,1.11,Tight,D:\3d-canine-vton-sync\real_ipadapter_clean_vton_outputs\labrador_00035_clean_tryon.png
99,labrador_00036,Labrador Retriever,Ruffwear Climate Changer (Orange Fleece),03_ruffwear_climate_changer_orange.jpg,95.5,62.0,58.0,XL,1.11,Tight,D:\3d-canine-vton-sync\real_ipadapter_clean_vton_outputs\labrador_00036_clean_tryon.png
100,labrador_00037,Labrador Retriever,Ruffwear Climate Changer (Orange Fleece),03_ruffwear_climate_changer_orange.jpg,95.5,62.0,58.0,XL,1.11,Tight,D:\3d-canine-vton-sync\real_ipadapter_clean_vton_outputs\labrador_00037_clean_tryon.png
101,labrador_00038,Labrador Retriever,Ruffwear Climate Changer (Orange Fleece),03_ruffwear_climate_changer_orange.jpg,95.5,62.0,58.0,XL,1.11,Tight,D:\3d-canine-vton-sync\real_ipadapter_clean_vton_outputs\labrador_00038_clean_tryon.png
102,labrador_00039,Labrador Retriever,Ruffwear Climate Changer (Orange Fleece),03_ruffwear_climate_changer_orange.jpg,95.5,62.0,58.0,XL,1.11,Tight,D:\3d-canine-vton-sync\real_ipadapter_clean_vton_outputs\labrador_00039_clean_tryon.png
103,labrador_00040,Labrador Retriever,Ruffwear Climate Changer (Orange Fleece),03_ruffwear_climate_changer_orange.jpg,95.5,62.0,58.0,XL,1.11,Tight,D:\3d-canine-vton-sync\real_ipadapter_clean_vton_outputs\labrador_00040_clean_tryon.png
104,labrador_00041,Labrador Retriever,Ruffwear Climate Changer (Orange Fleece),03_ruffwear_climate_changer_orange.jpg,95.5,62.0,58.0,XL,1.11,Tight,D:\3d-canine-vton-sync\real_ipadapter_clean_vton_outputs\labrador_00041_clean_tryon.png
105,labrador_00042,Labrador Retriever,Ruffwear Climate Changer (Orange Fleece),03_ruffwear_climate_changer_orange.jpg,95.5,62.0,58.0,XL,1.11,Tight,D:\3d-canine-vton-sync\real_ipadapter_clean_vton_outputs\labrador_00042_clean_tryon.png
106,labrador_00043,Labrador Retriever,Ruffwear Climate Changer (Orange Fleece),03_ruffwear_climate_changer_orange.jpg,95.5,62.0,58.0,XL,1.11,Tight,D:\3d-canine-vton-sync\real_ipadapter_clean_vton_outputs\labrador_00043_clean_tryon.png
107,labrador_00044,Labrador Retriever,Ruffwear Climate Changer (Orange Fleece),03_ruffwear_climate_changer_orange.jpg,95.5,62.0,58.0,XL,1.11,Tight,D:\3d-canine-vton-sync\real_ipadapter_clean_vton_outputs\labrador_00044_clean_tryon.png
108,labrador_00045,Labrador Retriever,Ruffwear Climate Changer (Orange Fleece),03_ruffwear_climate_changer_orange.jpg,95.5,62.0,58.0,XL,1.11,Tight,D:\3d-canine-vton-sync\real_ipadapter_clean_vton_outputs\labrador_00045_clean_tryon.png
109,labrador_00046,Labrador Retriever,Ruffwear Climate Changer (Orange Fleece),03_ruffwear_climate_changer_orange.jpg,95.5,62.0,58.0,XL,1.11,Tight,D:\3d-canine-vton-sync\real_ipadapter_clean_vton_outputs\labrador_00046_clean_tryon.png
110,labrador_00047,Labrador Retriever,Ruffwear Climate Changer (Orange Fleece),03_ruffwear_climate_changer_orange.jpg,95.5,62.0,58.0,XL,1.11,Tight,D:\3d-canine-vton-sync\real_ipadapter_clean_vton_outputs\labrador_00047_clean_tryon.png
111,labrador_00048,Labrador Retriever,Ruffwear Climate Changer (Orange Fleece),03_ruffwear_climate_changer_orange.jpg,95.5,62.0,58.0,XL,1.11,Tight,D:\3d-canine-vton-sync\real_ipadapter_clean_vton_outputs\labrador_00048_clean_tryon.png
112,labrador_00049,Labrador Retriever,Ruffwear Climate Changer (Orange Fleece),03_ruffwear_climate_changer_orange.jpg,95.5,62.0,58.0,XL,1.11,Tight,D:\3d-canine-vton-sync\real_ipadapter_clean_vton_outputs\labrador_00049_clean_tryon.png
113,labrador_00050,Labrador Retriever,Ruffwear Climate Changer (Orange Fleece),03_ruffwear_climate_changer_orange.jpg,95.5,62.0,58.0,XL,1.11,Tight,D:\3d-canine-vton-sync\real_ipadapter_clean_vton_outputs\labrador_00050_clean_tryon.png
114,labrador_00051,Labrador Retriever,Ruffwear Climate Changer (Orange Fleece),03_ruffwear_climate_changer_orange.jpg,95.5,62.0,58.0,XL,1.11,Tight,D:\3d-canine-vton-sync\real_ipadapter_clean_vton_outputs\labrador_00051_clean_tryon.png
115,labrador_00052,Labrador Retriever,Ruffwear Climate Changer (Orange Fleece),03_ruffwear_climate_changer_orange.jpg,95.5,62.0,58.0,XL,1.11,Tight,D:\3d-canine-vton-sync\real_ipadapter_clean_vton_outputs\labrador_00052_clean_tryon.png
116,labrador_00053,Labrador Retriever,Ruffwear Climate Changer (Orange Fleece),03_ruffwear_climate_changer_orange.jpg,95.5,62.0,58.0,XL,1.11,Tight,D:\3d-canine-vton-sync\real_ipadapter_clean_vton_outputs\labrador_00053_clean_tryon.png
117,labrador_00054,Labrador Retriever,Ruffwear Climate Changer (Orange Fleece),03_ruffwear_climate_changer_orange.jpg,95.5,62.0,58.0,XL,1.11,Tight,D:\3d-canine-vton-sync\real_ipadapter_clean_vton_outputs\labrador_00054_clean_tryon.png
118,labrador_00055,Labrador Retriever,Ruffwear Climate Changer (Orange Fleece),03_ruffwear_climate_changer_orange.jpg,95.5,62.0,58.0,XL,1.11,Tight,D:\3d-canine-vton-sync\real_ipadapter_clean_vton_outputs\labrador_00055_clean_tryon.png
119,labrador_00056,Labrador Retriever,Ruffwear Climate Changer (Orange Fleece),03_ruffwear_climate_changer_orange.jpg,95.5,62.0,58.0,XL,1.11,Tight,D:\3d-canine-vton-sync\real_ipadapter_clean_vton_outputs\labrador_00056_clean_tryon.png
120,labrador_00057,Labrador Retriever,Ruffwear Climate Changer (Orange Fleece),03_ruffwear_climate_changer_orange.jpg,95.5,62.0,58.0,XL,1.11,Tight,D:\3d-canine-vton-sync\real_ipadapter_clean_vton_outputs\labrador_00057_clean_tryon.png
121,labrador_00058,Labrador Retriever,Ruffwear Climate Changer (Orange Fleece),03_ruffwear_climate_changer_orange.jpg,95.5,62.0,58.0,XL,1.11,Tight,D:\3d-canine-vton-sync\real_ipadapter_clean_vton_outputs\labrador_00058_clean_tryon.png
122,labrador_00059,Labrador Retriever,Ruffwear Climate Changer (Orange Fleece),03_ruffwear_climate_changer_orange.jpg,95.5,62.0,58.0,XL,1.11,Tight,D:\3d-canine-vton-sync\real_ipadapter_clean_vton_outputs\labrador_00059_clean_tryon.png
123,labrador_00060,Labrador Retriever,Ruffwear Climate Changer (Orange Fleece),03_ruffwear_climate_changer_orange.jpg,95.5,62.0,58.0,XL,1.11,Tight,D:\3d-canine-vton-sync\real_ipadapter_clean_vton_outputs\labrador_00060_clean_tryon.png
124,labrador_00061,Labrador Retriever,Ruffwear Climate Changer (Orange Fleece),03_ruffwear_climate_changer_orange.jpg,95.5,62.0,58.0,XL,1.11,Tight,D:\3d-canine-vton-sync\real_ipadapter_clean_vton_outputs\labrador_00061_clean_tryon.png
125,labrador_00062,Labrador Retriever,Ruffwear Climate Changer (Orange Fleece),03_ruffwear_climate_changer_orange.jpg,95.5,62.0,58.0,XL,1.11,Tight,D:\3d-canine-vton-sync\real_ipadapter_clean_vton_outputs\labrador_00062_clean_tryon.png
126,labrador_00063,Labrador Retriever,Ruffwear Climate Changer (Orange Fleece),03_ruffwear_climate_changer_orange.jpg,95.5,62.0,58.0,XL,1.11,Tight,D:\3d-canine-vton-sync\real_ipadapter_clean_vton_outputs\labrador_00063_clean_tryon.png
127,labrador_00064,Labrador Retriever,Ruffwear Climate Changer (Orange Fleece),03_ruffwear_climate_changer_orange.jpg,95.5,62.0,58.0,XL,1.11,Tight,D:\3d-canine-vton-sync\real_ipadapter_clean_vton_outputs\labrador_00064_clean_tryon.png
128,labrador_00065,Labrador Retriever,Ruffwear Climate Changer (Orange Fleece),03_ruffwear_climate_changer_orange.jpg,95.5,62.0,58.0,XL,1.11,Tight,D:\3d-canine-vton-sync\real_ipadapter_clean_vton_outputs\labrador_00065_clean_tryon.png
129,labrador_00066,Labrador Retriever,Ruffwear Climate Changer (Orange Fleece),03_ruffwear_climate_changer_orange.jpg,95.5,62.0,58.0,XL,1.11,Tight,D:\3d-canine-vton-sync\real_ipadapter_clean_vton_outputs\labrador_00066_clean_tryon.png
