Index,Image_ID,Breed,Chest_Girth_cm,Back_Length_cm,Height_cm,Recommended_Size,Fit_Ratio,Verdict,Mesh_OBJ,Depth_PNG,Mask_PNG,VTON_PNG
1,00001,Golden Retriever,83.9,61.8,58.5,L,0.976,Good Fit,D:\curated_subsets_pipeline_outputs\curated_clean_sideview\stage_1_3d_meshes\golden\00001_stage1_mesh.obj,D:\curated_subsets_pipeline_outputs\curated_clean_sideview\stage_2_depth_maps\golden\00001_stage2_depth.png,D:\curated_subsets_pipeline_outputs\curated_clean_sideview\stage_3_anatomical_masks\golden\00001_stage3_mask_L.png,D:\curated_subsets_pipeline_outputs\curated_clean_sideview\stage_4_vton_renders\golden\00001_stage4_vton_L.png
2,00002,Golden Retriever,102.9,56.7,78.7,XL,1.039,Good Fit,D:\curated_subsets_pipeline_outputs\curated_clean_sideview\stage_1_3d_meshes\golden\00002_stage1_mesh.obj,D:\curated_subsets_pipeline_outputs\curated_clean_sideview\stage_2_depth_maps\golden\00002_stage2_depth.png,D:\curated_subsets_pipeline_outputs\curated_clean_sideview\stage_3_anatomical_masks\golden\00002_stage3_mask_XL.png,D:\curated_subsets_pipeline_outputs\curated_clean_sideview\stage_4_vton_renders\golden\00002_stage4_vton_XL.png
3,00003,Golden Retriever,93.2,47.2,75.4,XL,0.941,Good Fit,D:\curated_subsets_pipeline_outputs\curated_clean_sideview\stage_1_3d_meshes\golden\00003_stage1_mesh.obj,D:\curated_subsets_pipeline_outputs\curated_clean_sideview\stage_2_depth_maps\golden\00003_stage2_depth.png,D:\curated_subsets_pipeline_outputs\curated_clean_sideview\stage_3_anatomical_masks\golden\00003_stage3_mask_XL.png,D:\curated_subsets_pipeline_outputs\curated_clean_sideview\stage_4_vton_renders\golden\00003_stage4_vton_XL.png
4,00004,Golden Retriever,80.0,44.9,68.4,M,1.067,Good Fit,D:\curated_subsets_pipeline_outputs\curated_clean_sideview\stage_1_3d_meshes\golden\00004_stage1_mesh.obj,D:\curated_subsets_pipeline_outputs\curated_clean_sideview\stage_2_depth_maps\golden\00004_stage2_depth.png,D:\curated_subsets_pipeline_outputs\curated_clean_sideview\stage_3_anatomical_masks\golden\00004_stage3_mask_M.png,D:\curated_subsets_pipeline_outputs\curated_clean_sideview\stage_4_vton_renders\golden\00004_stage4_vton_M.png
5,00005,Golden Retriever,86.4,44.9,69.1,L,1.005,Good Fit,D:\curated_subsets_pipeline_outputs\curated_clean_sideview\stage_1_3d_meshes\golden\00005_stage1_mesh.obj,D:\curated_subsets_pipeline_outputs\curated_clean_sideview\stage_2_depth_maps\golden\00005_stage2_depth.png,D:\curated_subsets_pipeline_outputs\curated_clean_sideview\stage_3_anatomical_masks\golden\00005_stage3_mask_L.png,D:\curated_subsets_pipeline_outputs\curated_clean_sideview\stage_4_vton_renders\golden\00005_stage4_vton_L.png
6,00006,Golden Retriever,80.8,82.9,57.0,L,0.94,Loose,D:\curated_subsets_pipeline_outputs\curated_clean_sideview\stage_1_3d_meshes\golden\00006_stage1_mesh.obj,D:\curated_subsets_pipeline_outputs\curated_clean_sideview\stage_2_depth_maps\golden\00006_stage2_depth.png,D:\curated_subsets_pipeline_outputs\curated_clean_sideview\stage_3_anatomical_masks\golden\00006_stage3_mask_L.png,D:\curated_subsets_pipeline_outputs\curated_clean_sideview\stage_4_vton_renders\golden\00006_stage4_vton_L.png
7,00007,Golden Retriever,82.9,41.5,74.2,L,0.964,Good Fit,D:\curated_subsets_pipeline_outputs\curated_clean_sideview\stage_1_3d_meshes\golden\00007_stage1_mesh.obj,D:\curated_subsets_pipeline_outputs\curated_clean_sideview\stage_2_depth_maps\golden\00007_stage2_depth.png,D:\curated_subsets_pipeline_outputs\curated_clean_sideview\stage_3_anatomical_masks\golden\00007_stage3_mask_L.png,D:\curated_subsets_pipeline_outputs\curated_clean_sideview\stage_4_vton_renders\golden\00007_stage4_vton_L.png
8,00008,Golden Retriever,91.3,47.8,47.5,L,1.062,Tight,D:\curated_subsets_pipeline_outputs\curated_clean_sideview\stage_1_3d_meshes\golden\00008_stage1_mesh.obj,D:\curated_subsets_pipeline_outputs\curated_clean_sideview\stage_2_depth_maps\golden\00008_stage2_depth.png,D:\curated_subsets_pipeline_outputs\curated_clean_sideview\stage_3_anatomical_masks\golden\00008_stage3_mask_L.png,D:\curated_subsets_pipeline_outputs\curated_clean_sideview\stage_4_vton_renders\golden\00008_stage4_vton_L.png
9,00009,Golden Retriever,97.4,42.3,81.7,XL,0.984,Good Fit,D:\curated_subsets_pipeline_outputs\curated_clean_sideview\stage_1_3d_meshes\golden\00009_stage1_mesh.obj,D:\curated_subsets_pipeline_outputs\curated_clean_sideview\stage_2_depth_maps\golden\00009_stage2_depth.png,D:\curated_subsets_pipeline_outputs\curated_clean_sideview\stage_3_anatomical_masks\golden\00009_stage3_mask_XL.png,D:\curated_subsets_pipeline_outputs\curated_clean_sideview\stage_4_vton_renders\golden\00009_stage4_vton_XL.png
10,00010,Golden Retriever,89.5,52.9,66.6,L,1.041,Good Fit,D:\curated_subsets_pipeline_outputs\curated_clean_sideview\stage_1_3d_meshes\golden\00010_stage1_mesh.obj,D:\curated_subsets_pipeline_outputs\curated_clean_sideview\stage_2_depth_maps\golden\00010_stage2_depth.png,D:\curated_subsets_pipeline_outputs\curated_clean_sideview\stage_3_anatomical_masks\golden\00010_stage3_mask_L.png,D:\curated_subsets_pipeline_outputs\curated_clean_sideview\stage_4_vton_renders\golden\00010_stage4_vton_L.png
11,00011,Golden Retriever,119.3,50.9,69.8,XL,1.205,Tight,D:\curated_subsets_pipeline_outputs\curated_clean_sideview\stage_1_3d_meshes\golden\00011_stage1_mesh.obj,D:\curated_subsets_pipeline_outputs\curated_clean_sideview\stage_2_depth_maps\golden\00011_stage2_depth.png,D:\curated_subsets_pipeline_outputs\curated_clean_sideview\stage_3_anatomical_masks\golden\00011_stage3_mask_XL.png,D:\curated_subsets_pipeline_outputs\curated_clean_sideview\stage_4_vton_renders\golden\00011_stage4_vton_XL.png
12,00012,Golden Retriever,84.7,58.8,75.3,L,0.985,Good Fit,D:\curated_subsets_pipeline_outputs\curated_clean_sideview\stage_1_3d_meshes\golden\00012_stage1_mesh.obj,D:\curated_subsets_pipeline_outputs\curated_clean_sideview\stage_2_depth_maps\golden\00012_stage2_depth.png,D:\curated_subsets_pipeline_outputs\curated_clean_sideview\stage_3_anatomical_masks\golden\00012_stage3_mask_L.png,D:\curated_subsets_pipeline_outputs\curated_clean_sideview\stage_4_vton_renders\golden\00012_stage4_vton_L.png
13,00013,Golden Retriever,89.7,45.7,67.7,L,1.043,Good Fit,D:\curated_subsets_pipeline_outputs\curated_clean_sideview\stage_1_3d_meshes\golden\00013_stage1_mesh.obj,D:\curated_subsets_pipeline_outputs\curated_clean_sideview\stage_2_depth_maps\golden\00013_stage2_depth.png,D:\curated_subsets_pipeline_outputs\curated_clean_sideview\stage_3_anatomical_masks\golden\00013_stage3_mask_L.png,D:\curated_subsets_pipeline_outputs\curated_clean_sideview\stage_4_vton_renders\golden\00013_stage4_vton_L.png
14,00014,Golden Retriever,88.2,56.7,76.9,L,1.026,Good Fit,D:\curated_subsets_pipeline_outputs\curated_clean_sideview\stage_1_3d_meshes\golden\00014_stage1_mesh.obj,D:\curated_subsets_pipeline_outputs\curated_clean_sideview\stage_2_depth_maps\golden\00014_stage2_depth.png,D:\curated_subsets_pipeline_outputs\curated_clean_sideview\stage_3_anatomical_masks\golden\00014_stage3_mask_L.png,D:\curated_subsets_pipeline_outputs\curated_clean_sideview\stage_4_vton_renders\golden\00014_stage4_vton_L.png
15,00015,Golden Retriever,155.4,46.2,66.0,XL,1.57,Tight,D:\curated_subsets_pipeline_outputs\curated_clean_sideview\stage_1_3d_meshes\golden\00015_stage1_mesh.obj,D:\curated_subsets_pipeline_outputs\curated_clean_sideview\stage_2_depth_maps\golden\00015_stage2_depth.png,D:\curated_subsets_pipeline_outputs\curated_clean_sideview\stage_3_anatomical_masks\golden\00015_stage3_mask_XL.png,D:\curated_subsets_pipeline_outputs\curated_clean_sideview\stage_4_vton_renders\golden\00015_stage4_vton_XL.png
16,00016,Golden Retriever,77.9,64.8,66.4,M,1.039,Good Fit,D:\curated_subsets_pipeline_outputs\curated_clean_sideview\stage_1_3d_meshes\golden\00016_stage1_mesh.obj,D:\curated_subsets_pipeline_outputs\curated_clean_sideview\stage_2_depth_maps\golden\00016_stage2_depth.png,D:\curated_subsets_pipeline_outputs\curated_clean_sideview\stage_3_anatomical_masks\golden\00016_stage3_mask_M.png,D:\curated_subsets_pipeline_outputs\curated_clean_sideview\stage_4_vton_renders\golden\00016_stage4_vton_M.png
17,00017,Golden Retriever,157.2,45.5,67.1,XL,1.588,Tight,D:\curated_subsets_pipeline_outputs\curated_clean_sideview\stage_1_3d_meshes\golden\00017_stage1_mesh.obj,D:\curated_subsets_pipeline_outputs\curated_clean_sideview\stage_2_depth_maps\golden\00017_stage2_depth.png,D:\curated_subsets_pipeline_outputs\curated_clean_sideview\stage_3_anatomical_masks\golden\00017_stage3_mask_XL.png,D:\curated_subsets_pipeline_outputs\curated_clean_sideview\stage_4_vton_renders\golden\00017_stage4_vton_XL.png
18,00018,Golden Retriever,96.8,59.8,78.3,XL,0.978,Good Fit,D:\curated_subsets_pipeline_outputs\curated_clean_sideview\stage_1_3d_meshes\golden\00018_stage1_mesh.obj,D:\curated_subsets_pipeline_outputs\curated_clean_sideview\stage_2_depth_maps\golden\00018_stage2_depth.png,D:\curated_subsets_pipeline_outputs\curated_clean_sideview\stage_3_anatomical_masks\golden\00018_stage3_mask_XL.png,D:\curated_subsets_pipeline_outputs\curated_clean_sideview\stage_4_vton_renders\golden\00018_stage4_vton_XL.png
19,00019,Golden Retriever,83.5,52.3,71.8,L,0.971,Good Fit,D:\curated_subsets_pipeline_outputs\curated_clean_sideview\stage_1_3d_meshes\golden\00019_stage1_mesh.obj,D:\curated_subsets_pipeline_outputs\curated_clean_sideview\stage_2_depth_maps\golden\00019_stage2_depth.png,D:\curated_subsets_pipeline_outputs\curated_clean_sideview\stage_3_anatomical_masks\golden\00019_stage3_mask_L.png,D:\curated_subsets_pipeline_outputs\curated_clean_sideview\stage_4_vton_renders\golden\00019_stage4_vton_L.png
20,00020,Golden Retriever,105.1,45.1,68.2,XL,1.062,Good Fit,D:\curated_subsets_pipeline_outputs\curated_clean_sideview\stage_1_3d_meshes\golden\00020_stage1_mesh.obj,D:\curated_subsets_pipeline_outputs\curated_clean_sideview\stage_2_depth_maps\golden\00020_stage2_depth.png,D:\curated_subsets_pipeline_outputs\curated_clean_sideview\stage_3_anatomical_masks\golden\00020_stage3_mask_XL.png,D:\curated_subsets_pipeline_outputs\curated_clean_sideview\stage_4_vton_renders\golden\00020_stage4_vton_XL.png
21,00021,Golden Retriever,85.2,47.6,68.2,L,0.991,Good Fit,D:\curated_subsets_pipeline_outputs\curated_clean_sideview\stage_1_3d_meshes\golden\00021_stage1_mesh.obj,D:\curated_subsets_pipeline_outputs\curated_clean_sideview\stage_2_depth_maps\golden\00021_stage2_depth.png,D:\curated_subsets_pipeline_outputs\curated_clean_sideview\stage_3_anatomical_masks\golden\00021_stage3_mask_L.png,D:\curated_subsets_pipeline_outputs\curated_clean_sideview\stage_4_vton_renders\golden\00021_stage4_vton_L.png
22,00022,Golden Retriever,83.6,52.9,59.1,L,0.972,Good Fit,D:\curated_subsets_pipeline_outputs\curated_clean_sideview\stage_1_3d_meshes\golden\00022_stage1_mesh.obj,D:\curated_subsets_pipeline_outputs\curated_clean_sideview\stage_2_depth_maps\golden\00022_stage2_depth.png,D:\curated_subsets_pipeline_outputs\curated_clean_sideview\stage_3_anatomical_masks\golden\00022_stage3_mask_L.png,D:\curated_subsets_pipeline_outputs\curated_clean_sideview\stage_4_vton_renders\golden\00022_stage4_vton_L.png
23,00023,Golden Retriever,85.9,87.8,66.0,L,0.999,Good Fit,D:\curated_subsets_pipeline_outputs\curated_clean_sideview\stage_1_3d_meshes\golden\00023_stage1_mesh.obj,D:\curated_subsets_pipeline_outputs\curated_clean_sideview\stage_2_depth_maps\golden\00023_stage2_depth.png,D:\curated_subsets_pipeline_outputs\curated_clean_sideview\stage_3_anatomical_masks\golden\00023_stage3_mask_L.png,D:\curated_subsets_pipeline_outputs\curated_clean_sideview\stage_4_vton_renders\golden\00023_stage4_vton_L.png
24,00024,Golden Retriever,93.4,48.2,68.2,XL,0.943,Good Fit,D:\curated_subsets_pipeline_outputs\curated_clean_sideview\stage_1_3d_meshes\golden\00024_stage1_mesh.obj,D:\curated_subsets_pipeline_outputs\curated_clean_sideview\stage_2_depth_maps\golden\00024_stage2_depth.png,D:\curated_subsets_pipeline_outputs\curated_clean_sideview\stage_3_anatomical_masks\golden\00024_stage3_mask_XL.png,D:\curated_subsets_pipeline_outputs\curated_clean_sideview\stage_4_vton_renders\golden\00024_stage4_vton_XL.png
25,00025,Golden Retriever,93.3,123.9,64.3,XL,0.942,Good Fit,D:\curated_subsets_pipeline_outputs\curated_clean_sideview\stage_1_3d_meshes\golden\00025_stage1_mesh.obj,D:\curated_subsets_pipeline_outputs\curated_clean_sideview\stage_2_depth_maps\golden\00025_stage2_depth.png,D:\curated_subsets_pipeline_outputs\curated_clean_sideview\stage_3_anatomical_masks\golden\00025_stage3_mask_XL.png,D:\curated_subsets_pipeline_outputs\curated_clean_sideview\stage_4_vton_renders\golden\00025_stage4_vton_XL.png
26,00026,Golden Retriever,91.5,50.4,71.0,L,1.064,Tight,D:\curated_subsets_pipeline_outputs\curated_clean_sideview\stage_1_3d_meshes\golden\00026_stage1_mesh.obj,D:\curated_subsets_pipeline_outputs\curated_clean_sideview\stage_2_depth_maps\golden\00026_stage2_depth.png,D:\curated_subsets_pipeline_outputs\curated_clean_sideview\stage_3_anatomical_masks\golden\00026_stage3_mask_L.png,D:\curated_subsets_pipeline_outputs\curated_clean_sideview\stage_4_vton_renders\golden\00026_stage4_vton_L.png
27,00027,Golden Retriever,86.4,55.1,59.4,L,1.005,Good Fit,D:\curated_subsets_pipeline_outputs\curated_clean_sideview\stage_1_3d_meshes\golden\00027_stage1_mesh.obj,D:\curated_subsets_pipeline_outputs\curated_clean_sideview\stage_2_depth_maps\golden\00027_stage2_depth.png,D:\curated_subsets_pipeline_outputs\curated_clean_sideview\stage_3_anatomical_masks\golden\00027_stage3_mask_L.png,D:\curated_subsets_pipeline_outputs\curated_clean_sideview\stage_4_vton_renders\golden\00027_stage4_vton_L.png
28,00028,Golden Retriever,88.3,42.7,77.2,L,1.027,Good Fit,D:\curated_subsets_pipeline_outputs\curated_clean_sideview\stage_1_3d_meshes\golden\00028_stage1_mesh.obj,D:\curated_subsets_pipeline_outputs\curated_clean_sideview\stage_2_depth_maps\golden\00028_stage2_depth.png,D:\curated_subsets_pipeline_outputs\curated_clean_sideview\stage_3_anatomical_masks\golden\00028_stage3_mask_L.png,D:\curated_subsets_pipeline_outputs\curated_clean_sideview\stage_4_vton_renders\golden\00028_stage4_vton_L.png
29,00029,Golden Retriever,148.2,35.3,57.3,XL,1.497,Tight,D:\curated_subsets_pipeline_outputs\curated_clean_sideview\stage_1_3d_meshes\golden\00029_stage1_mesh.obj,D:\curated_subsets_pipeline_outputs\curated_clean_sideview\stage_2_depth_maps\golden\00029_stage2_depth.png,D:\curated_subsets_pipeline_outputs\curated_clean_sideview\stage_3_anatomical_masks\golden\00029_stage3_mask_XL.png,D:\curated_subsets_pipeline_outputs\curated_clean_sideview\stage_4_vton_renders\golden\00029_stage4_vton_XL.png
30,00030,Golden Retriever,95.9,63.2,83.3,XL,0.969,Good Fit,D:\curated_subsets_pipeline_outputs\curated_clean_sideview\stage_1_3d_meshes\golden\00030_stage1_mesh.obj,D:\curated_subsets_pipeline_outputs\curated_clean_sideview\stage_2_depth_maps\golden\00030_stage2_depth.png,D:\curated_subsets_pipeline_outputs\curated_clean_sideview\stage_3_anatomical_masks\golden\00030_stage3_mask_XL.png,D:\curated_subsets_pipeline_outputs\curated_clean_sideview\stage_4_vton_renders\golden\00030_stage4_vton_XL.png
31,00031,Golden Retriever,90.2,37.9,60.4,L,1.049,Good Fit,D:\curated_subsets_pipeline_outputs\curated_clean_sideview\stage_1_3d_meshes\golden\00031_stage1_mesh.obj,D:\curated_subsets_pipeline_outputs\curated_clean_sideview\stage_2_depth_maps\golden\00031_stage2_depth.png,D:\curated_subsets_pipeline_outputs\curated_clean_sideview\stage_3_anatomical_masks\golden\00031_stage3_mask_L.png,D:\curated_subsets_pipeline_outputs\curated_clean_sideview\stage_4_vton_renders\golden\00031_stage4_vton_L.png
32,00032,Golden Retriever,82.8,23.7,59.4,L,0.963,Good Fit,D:\curated_subsets_pipeline_outputs\curated_clean_sideview\stage_1_3d_meshes\golden\00032_stage1_mesh.obj,D:\curated_subsets_pipeline_outputs\curated_clean_sideview\stage_2_depth_maps\golden\00032_stage2_depth.png,D:\curated_subsets_pipeline_outputs\curated_clean_sideview\stage_3_anatomical_masks\golden\00032_stage3_mask_L.png,D:\curated_subsets_pipeline_outputs\curated_clean_sideview\stage_4_vton_renders\golden\00032_stage4_vton_L.png
33,00033,Golden Retriever,104.3,58.8,80.9,XL,1.054,Good Fit,D:\curated_subsets_pipeline_outputs\curated_clean_sideview\stage_1_3d_meshes\golden\00033_stage1_mesh.obj,D:\curated_subsets_pipeline_outputs\curated_clean_sideview\stage_2_depth_maps\golden\00033_stage2_depth.png,D:\curated_subsets_pipeline_outputs\curated_clean_sideview\stage_3_anatomical_masks\golden\00033_stage3_mask_XL.png,D:\curated_subsets_pipeline_outputs\curated_clean_sideview\stage_4_vton_renders\golden\00033_stage4_vton_XL.png
34,00034,Golden Retriever,93.3,59.6,80.0,XL,0.942,Good Fit,D:\curated_subsets_pipeline_outputs\curated_clean_sideview\stage_1_3d_meshes\golden\00034_stage1_mesh.obj,D:\curated_subsets_pipeline_outputs\curated_clean_sideview\stage_2_depth_maps\golden\00034_stage2_depth.png,D:\curated_subsets_pipeline_outputs\curated_clean_sideview\stage_3_anatomical_masks\golden\00034_stage3_mask_XL.png,D:\curated_subsets_pipeline_outputs\curated_clean_sideview\stage_4_vton_renders\golden\00034_stage4_vton_XL.png
35,00035,Golden Retriever,100.0,111.8,85.9,XL,1.01,Good Fit,D:\curated_subsets_pipeline_outputs\curated_clean_sideview\stage_1_3d_meshes\golden\00035_stage1_mesh.obj,D:\curated_subsets_pipeline_outputs\curated_clean_sideview\stage_2_depth_maps\golden\00035_stage2_depth.png,D:\curated_subsets_pipeline_outputs\curated_clean_sideview\stage_3_anatomical_masks\golden\00035_stage3_mask_XL.png,D:\curated_subsets_pipeline_outputs\curated_clean_sideview\stage_4_vton_renders\golden\00035_stage4_vton_XL.png
36,00036,Golden Retriever,134.9,112.0,85.8,XL,1.363,Tight,D:\curated_subsets_pipeline_outputs\curated_clean_sideview\stage_1_3d_meshes\golden\00036_stage1_mesh.obj,D:\curated_subsets_pipeline_outputs\curated_clean_sideview\stage_2_depth_maps\golden\00036_stage2_depth.png,D:\curated_subsets_pipeline_outputs\curated_clean_sideview\stage_3_anatomical_masks\golden\00036_stage3_mask_XL.png,D:\curated_subsets_pipeline_outputs\curated_clean_sideview\stage_4_vton_renders\golden\00036_stage4_vton_XL.png
37,00037,Golden Retriever,93.7,19.9,60.5,XL,0.946,Good Fit,D:\curated_subsets_pipeline_outputs\curated_clean_sideview\stage_1_3d_meshes\golden\00037_stage1_mesh.obj,D:\curated_subsets_pipeline_outputs\curated_clean_sideview\stage_2_depth_maps\golden\00037_stage2_depth.png,D:\curated_subsets_pipeline_outputs\curated_clean_sideview\stage_3_anatomical_masks\golden\00037_stage3_mask_XL.png,D:\curated_subsets_pipeline_outputs\curated_clean_sideview\stage_4_vton_renders\golden\00037_stage4_vton_XL.png
38,00038,Golden Retriever,86.3,60.0,74.4,L,1.003,Good Fit,D:\curated_subsets_pipeline_outputs\curated_clean_sideview\stage_1_3d_meshes\golden\00038_stage1_mesh.obj,D:\curated_subsets_pipeline_outputs\curated_clean_sideview\stage_2_depth_maps\golden\00038_stage2_depth.png,D:\curated_subsets_pipeline_outputs\curated_clean_sideview\stage_3_anatomical_masks\golden\00038_stage3_mask_L.png,D:\curated_subsets_pipeline_outputs\curated_clean_sideview\stage_4_vton_renders\golden\00038_stage4_vton_L.png
39,00039,Golden Retriever,87.4,49.1,69.4,L,1.016,Good Fit,D:\curated_subsets_pipeline_outputs\curated_clean_sideview\stage_1_3d_meshes\golden\00039_stage1_mesh.obj,D:\curated_subsets_pipeline_outputs\curated_clean_sideview\stage_2_depth_maps\golden\00039_stage2_depth.png,D:\curated_subsets_pipeline_outputs\curated_clean_sideview\stage_3_anatomical_masks\golden\00039_stage3_mask_L.png,D:\curated_subsets_pipeline_outputs\curated_clean_sideview\stage_4_vton_renders\golden\00039_stage4_vton_L.png
40,00040,Golden Retriever,100.0,61.8,77.9,XL,1.01,Good Fit,D:\curated_subsets_pipeline_outputs\curated_clean_sideview\stage_1_3d_meshes\golden\00040_stage1_mesh.obj,D:\curated_subsets_pipeline_outputs\curated_clean_sideview\stage_2_depth_maps\golden\00040_stage2_depth.png,D:\curated_subsets_pipeline_outputs\curated_clean_sideview\stage_3_anatomical_masks\golden\00040_stage3_mask_XL.png,D:\curated_subsets_pipeline_outputs\curated_clean_sideview\stage_4_vton_renders\golden\00040_stage4_vton_XL.png
41,00041,Golden Retriever,95.3,139.9,87.9,XL,0.963,Good Fit,D:\curated_subsets_pipeline_outputs\curated_clean_sideview\stage_1_3d_meshes\golden\00041_stage1_mesh.obj,D:\curated_subsets_pipeline_outputs\curated_clean_sideview\stage_2_depth_maps\golden\00041_stage2_depth.png,D:\curated_subsets_pipeline_outputs\curated_clean_sideview\stage_3_anatomical_masks\golden\00041_stage3_mask_XL.png,D:\curated_subsets_pipeline_outputs\curated_clean_sideview\stage_4_vton_renders\golden\00041_stage4_vton_XL.png
42,00042,Golden Retriever,81.8,53.3,62.4,L,0.951,Good Fit,D:\curated_subsets_pipeline_outputs\curated_clean_sideview\stage_1_3d_meshes\golden\00042_stage1_mesh.obj,D:\curated_subsets_pipeline_outputs\curated_clean_sideview\stage_2_depth_maps\golden\00042_stage2_depth.png,D:\curated_subsets_pipeline_outputs\curated_clean_sideview\stage_3_anatomical_masks\golden\00042_stage3_mask_L.png,D:\curated_subsets_pipeline_outputs\curated_clean_sideview\stage_4_vton_renders\golden\00042_stage4_vton_L.png
43,00043,Golden Retriever,119.0,48.9,78.6,XL,1.202,Tight,D:\curated_subsets_pipeline_outputs\curated_clean_sideview\stage_1_3d_meshes\golden\00043_stage1_mesh.obj,D:\curated_subsets_pipeline_outputs\curated_clean_sideview\stage_2_depth_maps\golden\00043_stage2_depth.png,D:\curated_subsets_pipeline_outputs\curated_clean_sideview\stage_3_anatomical_masks\golden\00043_stage3_mask_XL.png,D:\curated_subsets_pipeline_outputs\curated_clean_sideview\stage_4_vton_renders\golden\00043_stage4_vton_XL.png
44,00044,Golden Retriever,82.3,54.2,73.3,L,0.957,Good Fit,D:\curated_subsets_pipeline_outputs\curated_clean_sideview\stage_1_3d_meshes\golden\00044_stage1_mesh.obj,D:\curated_subsets_pipeline_outputs\curated_clean_sideview\stage_2_depth_maps\golden\00044_stage2_depth.png,D:\curated_subsets_pipeline_outputs\curated_clean_sideview\stage_3_anatomical_masks\golden\00044_stage3_mask_L.png,D:\curated_subsets_pipeline_outputs\curated_clean_sideview\stage_4_vton_renders\golden\00044_stage4_vton_L.png
45,00045,Golden Retriever,88.9,135.7,90.6,L,1.034,Good Fit,D:\curated_subsets_pipeline_outputs\curated_clean_sideview\stage_1_3d_meshes\golden\00045_stage1_mesh.obj,D:\curated_subsets_pipeline_outputs\curated_clean_sideview\stage_2_depth_maps\golden\00045_stage2_depth.png,D:\curated_subsets_pipeline_outputs\curated_clean_sideview\stage_3_anatomical_masks\golden\00045_stage3_mask_L.png,D:\curated_subsets_pipeline_outputs\curated_clean_sideview\stage_4_vton_renders\golden\00045_stage4_vton_L.png
46,00046,Golden Retriever,118.5,66.7,69.4,XL,1.197,Tight,D:\curated_subsets_pipeline_outputs\curated_clean_sideview\stage_1_3d_meshes\golden\00046_stage1_mesh.obj,D:\curated_subsets_pipeline_outputs\curated_clean_sideview\stage_2_depth_maps\golden\00046_stage2_depth.png,D:\curated_subsets_pipeline_outputs\curated_clean_sideview\stage_3_anatomical_masks\golden\00046_stage3_mask_XL.png,D:\curated_subsets_pipeline_outputs\curated_clean_sideview\stage_4_vton_renders\golden\00046_stage4_vton_XL.png
47,00047,Golden Retriever,71.5,42.7,59.7,M,0.953,Good Fit,D:\curated_subsets_pipeline_outputs\curated_clean_sideview\stage_1_3d_meshes\golden\00047_stage1_mesh.obj,D:\curated_subsets_pipeline_outputs\curated_clean_sideview\stage_2_depth_maps\golden\00047_stage2_depth.png,D:\curated_subsets_pipeline_outputs\curated_clean_sideview\stage_3_anatomical_masks\golden\00047_stage3_mask_M.png,D:\curated_subsets_pipeline_outputs\curated_clean_sideview\stage_4_vton_renders\golden\00047_stage4_vton_M.png
48,00048,Golden Retriever,100.3,55.9,83.0,XL,1.013,Good Fit,D:\curated_subsets_pipeline_outputs\curated_clean_sideview\stage_1_3d_meshes\golden\00048_stage1_mesh.obj,D:\curated_subsets_pipeline_outputs\curated_clean_sideview\stage_2_depth_maps\golden\00048_stage2_depth.png,D:\curated_subsets_pipeline_outputs\curated_clean_sideview\stage_3_anatomical_masks\golden\00048_stage3_mask_XL.png,D:\curated_subsets_pipeline_outputs\curated_clean_sideview\stage_4_vton_renders\golden\00048_stage4_vton_XL.png
49,00049,Golden Retriever,116.7,56.3,74.7,XL,1.179,Tight,D:\curated_subsets_pipeline_outputs\curated_clean_sideview\stage_1_3d_meshes\golden\00049_stage1_mesh.obj,D:\curated_subsets_pipeline_outputs\curated_clean_sideview\stage_2_depth_maps\golden\00049_stage2_depth.png,D:\curated_subsets_pipeline_outputs\curated_clean_sideview\stage_3_anatomical_masks\golden\00049_stage3_mask_XL.png,D:\curated_subsets_pipeline_outputs\curated_clean_sideview\stage_4_vton_renders\golden\00049_stage4_vton_XL.png
50,00050,Golden Retriever,90.7,52.9,72.1,L,1.055,Good Fit,D:\curated_subsets_pipeline_outputs\curated_clean_sideview\stage_1_3d_meshes\golden\00050_stage1_mesh.obj,D:\curated_subsets_pipeline_outputs\curated_clean_sideview\stage_2_depth_maps\golden\00050_stage2_depth.png,D:\curated_subsets_pipeline_outputs\curated_clean_sideview\stage_3_anatomical_masks\golden\00050_stage3_mask_L.png,D:\curated_subsets_pipeline_outputs\curated_clean_sideview\stage_4_vton_renders\golden\00050_stage4_vton_L.png
51,00051,Golden Retriever,95.4,49.5,61.6,XL,0.964,Good Fit,D:\curated_subsets_pipeline_outputs\curated_clean_sideview\stage_1_3d_meshes\golden\00051_stage1_mesh.obj,D:\curated_subsets_pipeline_outputs\curated_clean_sideview\stage_2_depth_maps\golden\00051_stage2_depth.png,D:\curated_subsets_pipeline_outputs\curated_clean_sideview\stage_3_anatomical_masks\golden\00051_stage3_mask_XL.png,D:\curated_subsets_pipeline_outputs\curated_clean_sideview\stage_4_vton_renders\golden\00051_stage4_vton_XL.png
52,00052,Golden Retriever,96.7,48.3,70.0,XL,0.977,Good Fit,D:\curated_subsets_pipeline_outputs\curated_clean_sideview\stage_1_3d_meshes\golden\00052_stage1_mesh.obj,D:\curated_subsets_pipeline_outputs\curated_clean_sideview\stage_2_depth_maps\golden\00052_stage2_depth.png,D:\curated_subsets_pipeline_outputs\curated_clean_sideview\stage_3_anatomical_masks\golden\00052_stage3_mask_XL.png,D:\curated_subsets_pipeline_outputs\curated_clean_sideview\stage_4_vton_renders\golden\00052_stage4_vton_XL.png
53,00053,Golden Retriever,87.1,109.0,68.4,L,1.013,Good Fit,D:\curated_subsets_pipeline_outputs\curated_clean_sideview\stage_1_3d_meshes\golden\00053_stage1_mesh.obj,D:\curated_subsets_pipeline_outputs\curated_clean_sideview\stage_2_depth_maps\golden\00053_stage2_depth.png,D:\curated_subsets_pipeline_outputs\curated_clean_sideview\stage_3_anatomical_masks\golden\00053_stage3_mask_L.png,D:\curated_subsets_pipeline_outputs\curated_clean_sideview\stage_4_vton_renders\golden\00053_stage4_vton_L.png
54,00054,Golden Retriever,99.1,52.7,72.6,XL,1.001,Good Fit,D:\curated_subsets_pipeline_outputs\curated_clean_sideview\stage_1_3d_meshes\golden\00054_stage1_mesh.obj,D:\curated_subsets_pipeline_outputs\curated_clean_sideview\stage_2_depth_maps\golden\00054_stage2_depth.png,D:\curated_subsets_pipeline_outputs\curated_clean_sideview\stage_3_anatomical_masks\golden\00054_stage3_mask_XL.png,D:\curated_subsets_pipeline_outputs\curated_clean_sideview\stage_4_vton_renders\golden\00054_stage4_vton_XL.png
55,00055,Golden Retriever,91.3,23.9,79.0,L,1.062,Tight,D:\curated_subsets_pipeline_outputs\curated_clean_sideview\stage_1_3d_meshes\golden\00055_stage1_mesh.obj,D:\curated_subsets_pipeline_outputs\curated_clean_sideview\stage_2_depth_maps\golden\00055_stage2_depth.png,D:\curated_subsets_pipeline_outputs\curated_clean_sideview\stage_3_anatomical_masks\golden\00055_stage3_mask_L.png,D:\curated_subsets_pipeline_outputs\curated_clean_sideview\stage_4_vton_renders\golden\00055_stage4_vton_L.png
56,00056,Golden Retriever,102.4,57.5,80.0,XL,1.034,Good Fit,D:\curated_subsets_pipeline_outputs\curated_clean_sideview\stage_1_3d_meshes\golden\00056_stage1_mesh.obj,D:\curated_subsets_pipeline_outputs\curated_clean_sideview\stage_2_depth_maps\golden\00056_stage2_depth.png,D:\curated_subsets_pipeline_outputs\curated_clean_sideview\stage_3_anatomical_masks\golden\00056_stage3_mask_XL.png,D:\curated_subsets_pipeline_outputs\curated_clean_sideview\stage_4_vton_renders\golden\00056_stage4_vton_XL.png
57,00057,Golden Retriever,81.8,46.1,62.1,L,0.951,Good Fit,D:\curated_subsets_pipeline_outputs\curated_clean_sideview\stage_1_3d_meshes\golden\00057_stage1_mesh.obj,D:\curated_subsets_pipeline_outputs\curated_clean_sideview\stage_2_depth_maps\golden\00057_stage2_depth.png,D:\curated_subsets_pipeline_outputs\curated_clean_sideview\stage_3_anatomical_masks\golden\00057_stage3_mask_L.png,D:\curated_subsets_pipeline_outputs\curated_clean_sideview\stage_4_vton_renders\golden\00057_stage4_vton_L.png
58,00058,Golden Retriever,65.5,56.7,76.8,S,1.048,Good Fit,D:\curated_subsets_pipeline_outputs\curated_clean_sideview\stage_1_3d_meshes\golden\00058_stage1_mesh.obj,D:\curated_subsets_pipeline_outputs\curated_clean_sideview\stage_2_depth_maps\golden\00058_stage2_depth.png,D:\curated_subsets_pipeline_outputs\curated_clean_sideview\stage_3_anatomical_masks\golden\00058_stage3_mask_S.png,D:\curated_subsets_pipeline_outputs\curated_clean_sideview\stage_4_vton_renders\golden\00058_stage4_vton_S.png
59,00059,Golden Retriever,87.6,42.4,71.2,L,1.019,Good Fit,D:\curated_subsets_pipeline_outputs\curated_clean_sideview\stage_1_3d_meshes\golden\00059_stage1_mesh.obj,D:\curated_subsets_pipeline_outputs\curated_clean_sideview\stage_2_depth_maps\golden\00059_stage2_depth.png,D:\curated_subsets_pipeline_outputs\curated_clean_sideview\stage_3_anatomical_masks\golden\00059_stage3_mask_L.png,D:\curated_subsets_pipeline_outputs\curated_clean_sideview\stage_4_vton_renders\golden\00059_stage4_vton_L.png
60,00060,Golden Retriever,85.0,56.6,76.2,L,0.988,Good Fit,D:\curated_subsets_pipeline_outputs\curated_clean_sideview\stage_1_3d_meshes\golden\00060_stage1_mesh.obj,D:\curated_subsets_pipeline_outputs\curated_clean_sideview\stage_2_depth_maps\golden\00060_stage2_depth.png,D:\curated_subsets_pipeline_outputs\curated_clean_sideview\stage_3_anatomical_masks\golden\00060_stage3_mask_L.png,D:\curated_subsets_pipeline_outputs\curated_clean_sideview\stage_4_vton_renders\golden\00060_stage4_vton_L.png
61,00061,Golden Retriever,91.8,56.1,84.7,L,1.067,Tight,D:\curated_subsets_pipeline_outputs\curated_clean_sideview\stage_1_3d_meshes\golden\00061_stage1_mesh.obj,D:\curated_subsets_pipeline_outputs\curated_clean_sideview\stage_2_depth_maps\golden\00061_stage2_depth.png,D:\curated_subsets_pipeline_outputs\curated_clean_sideview\stage_3_anatomical_masks\golden\00061_stage3_mask_L.png,D:\curated_subsets_pipeline_outputs\curated_clean_sideview\stage_4_vton_renders\golden\00061_stage4_vton_L.png
62,00062,Golden Retriever,100.5,61.8,84.4,XL,1.015,Good Fit,D:\curated_subsets_pipeline_outputs\curated_clean_sideview\stage_1_3d_meshes\golden\00062_stage1_mesh.obj,D:\curated_subsets_pipeline_outputs\curated_clean_sideview\stage_2_depth_maps\golden\00062_stage2_depth.png,D:\curated_subsets_pipeline_outputs\curated_clean_sideview\stage_3_anatomical_masks\golden\00062_stage3_mask_XL.png,D:\curated_subsets_pipeline_outputs\curated_clean_sideview\stage_4_vton_renders\golden\00062_stage4_vton_XL.png
63,00063,Golden Retriever,94.1,21.1,78.4,XL,0.951,Good Fit,D:\curated_subsets_pipeline_outputs\curated_clean_sideview\stage_1_3d_meshes\golden\00063_stage1_mesh.obj,D:\curated_subsets_pipeline_outputs\curated_clean_sideview\stage_2_depth_maps\golden\00063_stage2_depth.png,D:\curated_subsets_pipeline_outputs\curated_clean_sideview\stage_3_anatomical_masks\golden\00063_stage3_mask_XL.png,D:\curated_subsets_pipeline_outputs\curated_clean_sideview\stage_4_vton_renders\golden\00063_stage4_vton_XL.png
64,00001,Labrador Retriever,85.8,103.0,75.8,L,0.998,Good Fit,D:\curated_subsets_pipeline_outputs\curated_clean_sideview\stage_1_3d_meshes\labrador\00001_stage1_mesh.obj,D:\curated_subsets_pipeline_outputs\curated_clean_sideview\stage_2_depth_maps\labrador\00001_stage2_depth.png,D:\curated_subsets_pipeline_outputs\curated_clean_sideview\stage_3_anatomical_masks\labrador\00001_stage3_mask_L.png,D:\curated_subsets_pipeline_outputs\curated_clean_sideview\stage_4_vton_renders\labrador\00001_stage4_vton_L.png
65,00002,Labrador Retriever,96.8,51.5,67.9,XL,0.978,Good Fit,D:\curated_subsets_pipeline_outputs\curated_clean_sideview\stage_1_3d_meshes\labrador\00002_stage1_mesh.obj,D:\curated_subsets_pipeline_outputs\curated_clean_sideview\stage_2_depth_maps\labrador\00002_stage2_depth.png,D:\curated_subsets_pipeline_outputs\curated_clean_sideview\stage_3_anatomical_masks\labrador\00002_stage3_mask_XL.png,D:\curated_subsets_pipeline_outputs\curated_clean_sideview\stage_4_vton_renders\labrador\00002_stage4_vton_XL.png
66,00003,Labrador Retriever,97.9,54.3,64.1,XL,0.989,Good Fit,D:\curated_subsets_pipeline_outputs\curated_clean_sideview\stage_1_3d_meshes\labrador\00003_stage1_mesh.obj,D:\curated_subsets_pipeline_outputs\curated_clean_sideview\stage_2_depth_maps\labrador\00003_stage2_depth.png,D:\curated_subsets_pipeline_outputs\curated_clean_sideview\stage_3_anatomical_masks\labrador\00003_stage3_mask_XL.png,D:\curated_subsets_pipeline_outputs\curated_clean_sideview\stage_4_vton_renders\labrador\00003_stage4_vton_XL.png
67,00004,Labrador Retriever,91.8,52.7,75.8,L,1.067,Tight,D:\curated_subsets_pipeline_outputs\curated_clean_sideview\stage_1_3d_meshes\labrador\00004_stage1_mesh.obj,D:\curated_subsets_pipeline_outputs\curated_clean_sideview\stage_2_depth_maps\labrador\00004_stage2_depth.png,D:\curated_subsets_pipeline_outputs\curated_clean_sideview\stage_3_anatomical_masks\labrador\00004_stage3_mask_L.png,D:\curated_subsets_pipeline_outputs\curated_clean_sideview\stage_4_vton_renders\labrador\00004_stage4_vton_L.png
68,00005,Labrador Retriever,76.7,47.6,68.4,M,1.023,Good Fit,D:\curated_subsets_pipeline_outputs\curated_clean_sideview\stage_1_3d_meshes\labrador\00005_stage1_mesh.obj,D:\curated_subsets_pipeline_outputs\curated_clean_sideview\stage_2_depth_maps\labrador\00005_stage2_depth.png,D:\curated_subsets_pipeline_outputs\curated_clean_sideview\stage_3_anatomical_masks\labrador\00005_stage3_mask_M.png,D:\curated_subsets_pipeline_outputs\curated_clean_sideview\stage_4_vton_renders\labrador\00005_stage4_vton_M.png
69,00006,Labrador Retriever,88.8,7.8,60.8,L,1.033,Good Fit,D:\curated_subsets_pipeline_outputs\curated_clean_sideview\stage_1_3d_meshes\labrador\00006_stage1_mesh.obj,D:\curated_subsets_pipeline_outputs\curated_clean_sideview\stage_2_depth_maps\labrador\00006_stage2_depth.png,D:\curated_subsets_pipeline_outputs\curated_clean_sideview\stage_3_anatomical_masks\labrador\00006_stage3_mask_L.png,D:\curated_subsets_pipeline_outputs\curated_clean_sideview\stage_4_vton_renders\labrador\00006_stage4_vton_L.png
70,00007,Labrador Retriever,80.8,52.3,69.1,L,0.94,Loose,D:\curated_subsets_pipeline_outputs\curated_clean_sideview\stage_1_3d_meshes\labrador\00007_stage1_mesh.obj,D:\curated_subsets_pipeline_outputs\curated_clean_sideview\stage_2_depth_maps\labrador\00007_stage2_depth.png,D:\curated_subsets_pipeline_outputs\curated_clean_sideview\stage_3_anatomical_masks\labrador\00007_stage3_mask_L.png,D:\curated_subsets_pipeline_outputs\curated_clean_sideview\stage_4_vton_renders\labrador\00007_stage4_vton_L.png
71,00008,Labrador Retriever,78.7,21.2,89.4,M,1.049,Good Fit,D:\curated_subsets_pipeline_outputs\curated_clean_sideview\stage_1_3d_meshes\labrador\00008_stage1_mesh.obj,D:\curated_subsets_pipeline_outputs\curated_clean_sideview\stage_2_depth_maps\labrador\00008_stage2_depth.png,D:\curated_subsets_pipeline_outputs\curated_clean_sideview\stage_3_anatomical_masks\labrador\00008_stage3_mask_M.png,D:\curated_subsets_pipeline_outputs\curated_clean_sideview\stage_4_vton_renders\labrador\00008_stage4_vton_M.png
72,00009,Labrador Retriever,92.6,42.5,66.8,XL,0.935,Good Fit,D:\curated_subsets_pipeline_outputs\curated_clean_sideview\stage_1_3d_meshes\labrador\00009_stage1_mesh.obj,D:\curated_subsets_pipeline_outputs\curated_clean_sideview\stage_2_depth_maps\labrador\00009_stage2_depth.png,D:\curated_subsets_pipeline_outputs\curated_clean_sideview\stage_3_anatomical_masks\labrador\00009_stage3_mask_XL.png,D:\curated_subsets_pipeline_outputs\curated_clean_sideview\stage_4_vton_renders\labrador\00009_stage4_vton_XL.png
73,00010,Labrador Retriever,134.5,51.0,68.2,XL,1.359,Tight,D:\curated_subsets_pipeline_outputs\curated_clean_sideview\stage_1_3d_meshes\labrador\00010_stage1_mesh.obj,D:\curated_subsets_pipeline_outputs\curated_clean_sideview\stage_2_depth_maps\labrador\00010_stage2_depth.png,D:\curated_subsets_pipeline_outputs\curated_clean_sideview\stage_3_anatomical_masks\labrador\00010_stage3_mask_XL.png,D:\curated_subsets_pipeline_outputs\curated_clean_sideview\stage_4_vton_renders\labrador\00010_stage4_vton_XL.png
74,00011,Labrador Retriever,99.0,61.2,80.3,XL,1.0,Good Fit,D:\curated_subsets_pipeline_outputs\curated_clean_sideview\stage_1_3d_meshes\labrador\00011_stage1_mesh.obj,D:\curated_subsets_pipeline_outputs\curated_clean_sideview\stage_2_depth_maps\labrador\00011_stage2_depth.png,D:\curated_subsets_pipeline_outputs\curated_clean_sideview\stage_3_anatomical_masks\labrador\00011_stage3_mask_XL.png,D:\curated_subsets_pipeline_outputs\curated_clean_sideview\stage_4_vton_renders\labrador\00011_stage4_vton_XL.png
75,00012,Labrador Retriever,94.6,59.4,79.9,XL,0.956,Good Fit,D:\curated_subsets_pipeline_outputs\curated_clean_sideview\stage_1_3d_meshes\labrador\00012_stage1_mesh.obj,D:\curated_subsets_pipeline_outputs\curated_clean_sideview\stage_2_depth_maps\labrador\00012_stage2_depth.png,D:\curated_subsets_pipeline_outputs\curated_clean_sideview\stage_3_anatomical_masks\labrador\00012_stage3_mask_XL.png,D:\curated_subsets_pipeline_outputs\curated_clean_sideview\stage_4_vton_renders\labrador\00012_stage4_vton_XL.png
76,00013,Labrador Retriever,91.4,39.6,51.1,L,1.063,Tight,D:\curated_subsets_pipeline_outputs\curated_clean_sideview\stage_1_3d_meshes\labrador\00013_stage1_mesh.obj,D:\curated_subsets_pipeline_outputs\curated_clean_sideview\stage_2_depth_maps\labrador\00013_stage2_depth.png,D:\curated_subsets_pipeline_outputs\curated_clean_sideview\stage_3_anatomical_masks\labrador\00013_stage3_mask_L.png,D:\curated_subsets_pipeline_outputs\curated_clean_sideview\stage_4_vton_renders\labrador\00013_stage4_vton_L.png
77,00014,Labrador Retriever,89.7,49.6,81.1,L,1.043,Good Fit,D:\curated_subsets_pipeline_outputs\curated_clean_sideview\stage_1_3d_meshes\labrador\00014_stage1_mesh.obj,D:\curated_subsets_pipeline_outputs\curated_clean_sideview\stage_2_depth_maps\labrador\00014_stage2_depth.png,D:\curated_subsets_pipeline_outputs\curated_clean_sideview\stage_3_anatomical_masks\labrador\00014_stage3_mask_L.png,D:\curated_subsets_pipeline_outputs\curated_clean_sideview\stage_4_vton_renders\labrador\00014_stage4_vton_L.png
78,00015,Labrador Retriever,113.0,50.4,71.4,XL,1.141,Tight,D:\curated_subsets_pipeline_outputs\curated_clean_sideview\stage_1_3d_meshes\labrador\00015_stage1_mesh.obj,D:\curated_subsets_pipeline_outputs\curated_clean_sideview\stage_2_depth_maps\labrador\00015_stage2_depth.png,D:\curated_subsets_pipeline_outputs\curated_clean_sideview\stage_3_anatomical_masks\labrador\00015_stage3_mask_XL.png,D:\curated_subsets_pipeline_outputs\curated_clean_sideview\stage_4_vton_renders\labrador\00015_stage4_vton_XL.png
79,00016,Labrador Retriever,96.5,58.5,76.9,XL,0.975,Good Fit,D:\curated_subsets_pipeline_outputs\curated_clean_sideview\stage_1_3d_meshes\labrador\00016_stage1_mesh.obj,D:\curated_subsets_pipeline_outputs\curated_clean_sideview\stage_2_depth_maps\labrador\00016_stage2_depth.png,D:\curated_subsets_pipeline_outputs\curated_clean_sideview\stage_3_anatomical_masks\labrador\00016_stage3_mask_XL.png,D:\curated_subsets_pipeline_outputs\curated_clean_sideview\stage_4_vton_renders\labrador\00016_stage4_vton_XL.png
80,00017,Labrador Retriever,97.2,60.1,80.4,XL,0.982,Good Fit,D:\curated_subsets_pipeline_outputs\curated_clean_sideview\stage_1_3d_meshes\labrador\00017_stage1_mesh.obj,D:\curated_subsets_pipeline_outputs\curated_clean_sideview\stage_2_depth_maps\labrador\00017_stage2_depth.png,D:\curated_subsets_pipeline_outputs\curated_clean_sideview\stage_3_anatomical_masks\labrador\00017_stage3_mask_XL.png,D:\curated_subsets_pipeline_outputs\curated_clean_sideview\stage_4_vton_renders\labrador\00017_stage4_vton_XL.png
81,00018,Labrador Retriever,94.9,62.0,80.2,XL,0.959,Good Fit,D:\curated_subsets_pipeline_outputs\curated_clean_sideview\stage_1_3d_meshes\labrador\00018_stage1_mesh.obj,D:\curated_subsets_pipeline_outputs\curated_clean_sideview\stage_2_depth_maps\labrador\00018_stage2_depth.png,D:\curated_subsets_pipeline_outputs\curated_clean_sideview\stage_3_anatomical_masks\labrador\00018_stage3_mask_XL.png,D:\curated_subsets_pipeline_outputs\curated_clean_sideview\stage_4_vton_renders\labrador\00018_stage4_vton_XL.png
82,00019,Labrador Retriever,96.8,39.5,70.6,XL,0.978,Good Fit,D:\curated_subsets_pipeline_outputs\curated_clean_sideview\stage_1_3d_meshes\labrador\00019_stage1_mesh.obj,D:\curated_subsets_pipeline_outputs\curated_clean_sideview\stage_2_depth_maps\labrador\00019_stage2_depth.png,D:\curated_subsets_pipeline_outputs\curated_clean_sideview\stage_3_anatomical_masks\labrador\00019_stage3_mask_XL.png,D:\curated_subsets_pipeline_outputs\curated_clean_sideview\stage_4_vton_renders\labrador\00019_stage4_vton_XL.png
83,00020,Labrador Retriever,86.3,55.5,68.4,L,1.003,Good Fit,D:\curated_subsets_pipeline_outputs\curated_clean_sideview\stage_1_3d_meshes\labrador\00020_stage1_mesh.obj,D:\curated_subsets_pipeline_outputs\curated_clean_sideview\stage_2_depth_maps\labrador\00020_stage2_depth.png,D:\curated_subsets_pipeline_outputs\curated_clean_sideview\stage_3_anatomical_masks\labrador\00020_stage3_mask_L.png,D:\curated_subsets_pipeline_outputs\curated_clean_sideview\stage_4_vton_renders\labrador\00020_stage4_vton_L.png
84,00021,Labrador Retriever,92.9,18.4,68.3,XL,0.938,Good Fit,D:\curated_subsets_pipeline_outputs\curated_clean_sideview\stage_1_3d_meshes\labrador\00021_stage1_mesh.obj,D:\curated_subsets_pipeline_outputs\curated_clean_sideview\stage_2_depth_maps\labrador\00021_stage2_depth.png,D:\curated_subsets_pipeline_outputs\curated_clean_sideview\stage_3_anatomical_masks\labrador\00021_stage3_mask_XL.png,D:\curated_subsets_pipeline_outputs\curated_clean_sideview\stage_4_vton_renders\labrador\00021_stage4_vton_XL.png
85,00022,Labrador Retriever,85.8,48.4,69.8,L,0.998,Good Fit,D:\curated_subsets_pipeline_outputs\curated_clean_sideview\stage_1_3d_meshes\labrador\00022_stage1_mesh.obj,D:\curated_subsets_pipeline_outputs\curated_clean_sideview\stage_2_depth_maps\labrador\00022_stage2_depth.png,D:\curated_subsets_pipeline_outputs\curated_clean_sideview\stage_3_anatomical_masks\labrador\00022_stage3_mask_L.png,D:\curated_subsets_pipeline_outputs\curated_clean_sideview\stage_4_vton_renders\labrador\00022_stage4_vton_L.png
86,00023,Labrador Retriever,89.7,128.9,63.7,L,1.043,Good Fit,D:\curated_subsets_pipeline_outputs\curated_clean_sideview\stage_1_3d_meshes\labrador\00023_stage1_mesh.obj,D:\curated_subsets_pipeline_outputs\curated_clean_sideview\stage_2_depth_maps\labrador\00023_stage2_depth.png,D:\curated_subsets_pipeline_outputs\curated_clean_sideview\stage_3_anatomical_masks\labrador\00023_stage3_mask_L.png,D:\curated_subsets_pipeline_outputs\curated_clean_sideview\stage_4_vton_renders\labrador\00023_stage4_vton_L.png
87,00024,Labrador Retriever,90.7,55.2,73.1,L,1.055,Good Fit,D:\curated_subsets_pipeline_outputs\curated_clean_sideview\stage_1_3d_meshes\labrador\00024_stage1_mesh.obj,D:\curated_subsets_pipeline_outputs\curated_clean_sideview\stage_2_depth_maps\labrador\00024_stage2_depth.png,D:\curated_subsets_pipeline_outputs\curated_clean_sideview\stage_3_anatomical_masks\labrador\00024_stage3_mask_L.png,D:\curated_subsets_pipeline_outputs\curated_clean_sideview\stage_4_vton_renders\labrador\00024_stage4_vton_L.png
88,00025,Labrador Retriever,101.2,40.0,69.1,XL,1.022,Good Fit,D:\curated_subsets_pipeline_outputs\curated_clean_sideview\stage_1_3d_meshes\labrador\00025_stage1_mesh.obj,D:\curated_subsets_pipeline_outputs\curated_clean_sideview\stage_2_depth_maps\labrador\00025_stage2_depth.png,D:\curated_subsets_pipeline_outputs\curated_clean_sideview\stage_3_anatomical_masks\labrador\00025_stage3_mask_XL.png,D:\curated_subsets_pipeline_outputs\curated_clean_sideview\stage_4_vton_renders\labrador\00025_stage4_vton_XL.png
89,00026,Labrador Retriever,91.5,53.6,72.3,L,1.064,Tight,D:\curated_subsets_pipeline_outputs\curated_clean_sideview\stage_1_3d_meshes\labrador\00026_stage1_mesh.obj,D:\curated_subsets_pipeline_outputs\curated_clean_sideview\stage_2_depth_maps\labrador\00026_stage2_depth.png,D:\curated_subsets_pipeline_outputs\curated_clean_sideview\stage_3_anatomical_masks\labrador\00026_stage3_mask_L.png,D:\curated_subsets_pipeline_outputs\curated_clean_sideview\stage_4_vton_renders\labrador\00026_stage4_vton_L.png
90,00027,Labrador Retriever,86.5,51.0,72.4,L,1.006,Good Fit,D:\curated_subsets_pipeline_outputs\curated_clean_sideview\stage_1_3d_meshes\labrador\00027_stage1_mesh.obj,D:\curated_subsets_pipeline_outputs\curated_clean_sideview\stage_2_depth_maps\labrador\00027_stage2_depth.png,D:\curated_subsets_pipeline_outputs\curated_clean_sideview\stage_3_anatomical_masks\labrador\00027_stage3_mask_L.png,D:\curated_subsets_pipeline_outputs\curated_clean_sideview\stage_4_vton_renders\labrador\00027_stage4_vton_L.png
91,00028,Labrador Retriever,85.5,53.9,79.5,L,0.994,Good Fit,D:\curated_subsets_pipeline_outputs\curated_clean_sideview\stage_1_3d_meshes\labrador\00028_stage1_mesh.obj,D:\curated_subsets_pipeline_outputs\curated_clean_sideview\stage_2_depth_maps\labrador\00028_stage2_depth.png,D:\curated_subsets_pipeline_outputs\curated_clean_sideview\stage_3_anatomical_masks\labrador\00028_stage3_mask_L.png,D:\curated_subsets_pipeline_outputs\curated_clean_sideview\stage_4_vton_renders\labrador\00028_stage4_vton_L.png
92,00029,Labrador Retriever,96.8,53.0,71.2,XL,0.978,Good Fit,D:\curated_subsets_pipeline_outputs\curated_clean_sideview\stage_1_3d_meshes\labrador\00029_stage1_mesh.obj,D:\curated_subsets_pipeline_outputs\curated_clean_sideview\stage_2_depth_maps\labrador\00029_stage2_depth.png,D:\curated_subsets_pipeline_outputs\curated_clean_sideview\stage_3_anatomical_masks\labrador\00029_stage3_mask_XL.png,D:\curated_subsets_pipeline_outputs\curated_clean_sideview\stage_4_vton_renders\labrador\00029_stage4_vton_XL.png
93,00030,Labrador Retriever,107.4,36.1,62.3,XL,1.085,Tight,D:\curated_subsets_pipeline_outputs\curated_clean_sideview\stage_1_3d_meshes\labrador\00030_stage1_mesh.obj,D:\curated_subsets_pipeline_outputs\curated_clean_sideview\stage_2_depth_maps\labrador\00030_stage2_depth.png,D:\curated_subsets_pipeline_outputs\curated_clean_sideview\stage_3_anatomical_masks\labrador\00030_stage3_mask_XL.png,D:\curated_subsets_pipeline_outputs\curated_clean_sideview\stage_4_vton_renders\labrador\00030_stage4_vton_XL.png
94,00031,Labrador Retriever,87.7,60.9,81.0,L,1.02,Good Fit,D:\curated_subsets_pipeline_outputs\curated_clean_sideview\stage_1_3d_meshes\labrador\00031_stage1_mesh.obj,D:\curated_subsets_pipeline_outputs\curated_clean_sideview\stage_2_depth_maps\labrador\00031_stage2_depth.png,D:\curated_subsets_pipeline_outputs\curated_clean_sideview\stage_3_anatomical_masks\labrador\00031_stage3_mask_L.png,D:\curated_subsets_pipeline_outputs\curated_clean_sideview\stage_4_vton_renders\labrador\00031_stage4_vton_L.png
95,00032,Labrador Retriever,80.4,53.9,59.5,M,1.072,Good Fit,D:\curated_subsets_pipeline_outputs\curated_clean_sideview\stage_1_3d_meshes\labrador\00032_stage1_mesh.obj,D:\curated_subsets_pipeline_outputs\curated_clean_sideview\stage_2_depth_maps\labrador\00032_stage2_depth.png,D:\curated_subsets_pipeline_outputs\curated_clean_sideview\stage_3_anatomical_masks\labrador\00032_stage3_mask_M.png,D:\curated_subsets_pipeline_outputs\curated_clean_sideview\stage_4_vton_renders\labrador\00032_stage4_vton_M.png
96,00033,Labrador Retriever,93.7,58.3,78.9,XL,0.946,Good Fit,D:\curated_subsets_pipeline_outputs\curated_clean_sideview\stage_1_3d_meshes\labrador\00033_stage1_mesh.obj,D:\curated_subsets_pipeline_outputs\curated_clean_sideview\stage_2_depth_maps\labrador\00033_stage2_depth.png,D:\curated_subsets_pipeline_outputs\curated_clean_sideview\stage_3_anatomical_masks\labrador\00033_stage3_mask_XL.png,D:\curated_subsets_pipeline_outputs\curated_clean_sideview\stage_4_vton_renders\labrador\00033_stage4_vton_XL.png
97,00034,Labrador Retriever,86.9,64.7,74.5,L,1.01,Good Fit,D:\curated_subsets_pipeline_outputs\curated_clean_sideview\stage_1_3d_meshes\labrador\00034_stage1_mesh.obj,D:\curated_subsets_pipeline_outputs\curated_clean_sideview\stage_2_depth_maps\labrador\00034_stage2_depth.png,D:\curated_subsets_pipeline_outputs\curated_clean_sideview\stage_3_anatomical_masks\labrador\00034_stage3_mask_L.png,D:\curated_subsets_pipeline_outputs\curated_clean_sideview\stage_4_vton_renders\labrador\00034_stage4_vton_L.png
98,00035,Labrador Retriever,86.9,59.8,81.9,L,1.01,Good Fit,D:\curated_subsets_pipeline_outputs\curated_clean_sideview\stage_1_3d_meshes\labrador\00035_stage1_mesh.obj,D:\curated_subsets_pipeline_outputs\curated_clean_sideview\stage_2_depth_maps\labrador\00035_stage2_depth.png,D:\curated_subsets_pipeline_outputs\curated_clean_sideview\stage_3_anatomical_masks\labrador\00035_stage3_mask_L.png,D:\curated_subsets_pipeline_outputs\curated_clean_sideview\stage_4_vton_renders\labrador\00035_stage4_vton_L.png
99,00036,Labrador Retriever,119.4,53.7,53.5,XL,1.206,Tight,D:\curated_subsets_pipeline_outputs\curated_clean_sideview\stage_1_3d_meshes\labrador\00036_stage1_mesh.obj,D:\curated_subsets_pipeline_outputs\curated_clean_sideview\stage_2_depth_maps\labrador\00036_stage2_depth.png,D:\curated_subsets_pipeline_outputs\curated_clean_sideview\stage_3_anatomical_masks\labrador\00036_stage3_mask_XL.png,D:\curated_subsets_pipeline_outputs\curated_clean_sideview\stage_4_vton_renders\labrador\00036_stage4_vton_XL.png
100,00037,Labrador Retriever,81.2,41.0,64.0,L,0.944,Good Fit,D:\curated_subsets_pipeline_outputs\curated_clean_sideview\stage_1_3d_meshes\labrador\00037_stage1_mesh.obj,D:\curated_subsets_pipeline_outputs\curated_clean_sideview\stage_2_depth_maps\labrador\00037_stage2_depth.png,D:\curated_subsets_pipeline_outputs\curated_clean_sideview\stage_3_anatomical_masks\labrador\00037_stage3_mask_L.png,D:\curated_subsets_pipeline_outputs\curated_clean_sideview\stage_4_vton_renders\labrador\00037_stage4_vton_L.png
101,00038,Labrador Retriever,92.5,52.6,81.2,L,1.076,Tight,D:\curated_subsets_pipeline_outputs\curated_clean_sideview\stage_1_3d_meshes\labrador\00038_stage1_mesh.obj,D:\curated_subsets_pipeline_outputs\curated_clean_sideview\stage_2_depth_maps\labrador\00038_stage2_depth.png,D:\curated_subsets_pipeline_outputs\curated_clean_sideview\stage_3_anatomical_masks\labrador\00038_stage3_mask_L.png,D:\curated_subsets_pipeline_outputs\curated_clean_sideview\stage_4_vton_renders\labrador\00038_stage4_vton_L.png
102,00039,Labrador Retriever,114.3,62.5,69.1,XL,1.155,Tight,D:\curated_subsets_pipeline_outputs\curated_clean_sideview\stage_1_3d_meshes\labrador\00039_stage1_mesh.obj,D:\curated_subsets_pipeline_outputs\curated_clean_sideview\stage_2_depth_maps\labrador\00039_stage2_depth.png,D:\curated_subsets_pipeline_outputs\curated_clean_sideview\stage_3_anatomical_masks\labrador\00039_stage3_mask_XL.png,D:\curated_subsets_pipeline_outputs\curated_clean_sideview\stage_4_vton_renders\labrador\00039_stage4_vton_XL.png
103,00040,Labrador Retriever,137.7,53.5,64.7,XL,1.391,Tight,D:\curated_subsets_pipeline_outputs\curated_clean_sideview\stage_1_3d_meshes\labrador\00040_stage1_mesh.obj,D:\curated_subsets_pipeline_outputs\curated_clean_sideview\stage_2_depth_maps\labrador\00040_stage2_depth.png,D:\curated_subsets_pipeline_outputs\curated_clean_sideview\stage_3_anatomical_masks\labrador\00040_stage3_mask_XL.png,D:\curated_subsets_pipeline_outputs\curated_clean_sideview\stage_4_vton_renders\labrador\00040_stage4_vton_XL.png
104,00041,Labrador Retriever,93.3,49.7,70.2,XL,0.942,Good Fit,D:\curated_subsets_pipeline_outputs\curated_clean_sideview\stage_1_3d_meshes\labrador\00041_stage1_mesh.obj,D:\curated_subsets_pipeline_outputs\curated_clean_sideview\stage_2_depth_maps\labrador\00041_stage2_depth.png,D:\curated_subsets_pipeline_outputs\curated_clean_sideview\stage_3_anatomical_masks\labrador\00041_stage3_mask_XL.png,D:\curated_subsets_pipeline_outputs\curated_clean_sideview\stage_4_vton_renders\labrador\00041_stage4_vton_XL.png
105,00042,Labrador Retriever,94.3,57.8,72.1,XL,0.953,Good Fit,D:\curated_subsets_pipeline_outputs\curated_clean_sideview\stage_1_3d_meshes\labrador\00042_stage1_mesh.obj,D:\curated_subsets_pipeline_outputs\curated_clean_sideview\stage_2_depth_maps\labrador\00042_stage2_depth.png,D:\curated_subsets_pipeline_outputs\curated_clean_sideview\stage_3_anatomical_masks\labrador\00042_stage3_mask_XL.png,D:\curated_subsets_pipeline_outputs\curated_clean_sideview\stage_4_vton_renders\labrador\00042_stage4_vton_XL.png
106,00043,Labrador Retriever,87.5,44.9,66.9,L,1.017,Good Fit,D:\curated_subsets_pipeline_outputs\curated_clean_sideview\stage_1_3d_meshes\labrador\00043_stage1_mesh.obj,D:\curated_subsets_pipeline_outputs\curated_clean_sideview\stage_2_depth_maps\labrador\00043_stage2_depth.png,D:\curated_subsets_pipeline_outputs\curated_clean_sideview\stage_3_anatomical_masks\labrador\00043_stage3_mask_L.png,D:\curated_subsets_pipeline_outputs\curated_clean_sideview\stage_4_vton_renders\labrador\00043_stage4_vton_L.png
107,00044,Labrador Retriever,86.2,50.6,70.4,L,1.002,Good Fit,D:\curated_subsets_pipeline_outputs\curated_clean_sideview\stage_1_3d_meshes\labrador\00044_stage1_mesh.obj,D:\curated_subsets_pipeline_outputs\curated_clean_sideview\stage_2_depth_maps\labrador\00044_stage2_depth.png,D:\curated_subsets_pipeline_outputs\curated_clean_sideview\stage_3_anatomical_masks\labrador\00044_stage3_mask_L.png,D:\curated_subsets_pipeline_outputs\curated_clean_sideview\stage_4_vton_renders\labrador\00044_stage4_vton_L.png
108,00045,Labrador Retriever,89.4,59.5,74.2,L,1.04,Good Fit,D:\curated_subsets_pipeline_outputs\curated_clean_sideview\stage_1_3d_meshes\labrador\00045_stage1_mesh.obj,D:\curated_subsets_pipeline_outputs\curated_clean_sideview\stage_2_depth_maps\labrador\00045_stage2_depth.png,D:\curated_subsets_pipeline_outputs\curated_clean_sideview\stage_3_anatomical_masks\labrador\00045_stage3_mask_L.png,D:\curated_subsets_pipeline_outputs\curated_clean_sideview\stage_4_vton_renders\labrador\00045_stage4_vton_L.png
109,00046,Labrador Retriever,88.2,56.7,72.7,L,1.026,Good Fit,D:\curated_subsets_pipeline_outputs\curated_clean_sideview\stage_1_3d_meshes\labrador\00046_stage1_mesh.obj,D:\curated_subsets_pipeline_outputs\curated_clean_sideview\stage_2_depth_maps\labrador\00046_stage2_depth.png,D:\curated_subsets_pipeline_outputs\curated_clean_sideview\stage_3_anatomical_masks\labrador\00046_stage3_mask_L.png,D:\curated_subsets_pipeline_outputs\curated_clean_sideview\stage_4_vton_renders\labrador\00046_stage4_vton_L.png
110,00047,Labrador Retriever,152.2,57.6,78.6,XL,1.537,Tight,D:\curated_subsets_pipeline_outputs\curated_clean_sideview\stage_1_3d_meshes\labrador\00047_stage1_mesh.obj,D:\curated_subsets_pipeline_outputs\curated_clean_sideview\stage_2_depth_maps\labrador\00047_stage2_depth.png,D:\curated_subsets_pipeline_outputs\curated_clean_sideview\stage_3_anatomical_masks\labrador\00047_stage3_mask_XL.png,D:\curated_subsets_pipeline_outputs\curated_clean_sideview\stage_4_vton_renders\labrador\00047_stage4_vton_XL.png
111,00048,Labrador Retriever,99.6,45.4,65.3,XL,1.006,Good Fit,D:\curated_subsets_pipeline_outputs\curated_clean_sideview\stage_1_3d_meshes\labrador\00048_stage1_mesh.obj,D:\curated_subsets_pipeline_outputs\curated_clean_sideview\stage_2_depth_maps\labrador\00048_stage2_depth.png,D:\curated_subsets_pipeline_outputs\curated_clean_sideview\stage_3_anatomical_masks\labrador\00048_stage3_mask_XL.png,D:\curated_subsets_pipeline_outputs\curated_clean_sideview\stage_4_vton_renders\labrador\00048_stage4_vton_XL.png
112,00049,Labrador Retriever,98.3,59.8,79.8,XL,0.993,Good Fit,D:\curated_subsets_pipeline_outputs\curated_clean_sideview\stage_1_3d_meshes\labrador\00049_stage1_mesh.obj,D:\curated_subsets_pipeline_outputs\curated_clean_sideview\stage_2_depth_maps\labrador\00049_stage2_depth.png,D:\curated_subsets_pipeline_outputs\curated_clean_sideview\stage_3_anatomical_masks\labrador\00049_stage3_mask_XL.png,D:\curated_subsets_pipeline_outputs\curated_clean_sideview\stage_4_vton_renders\labrador\00049_stage4_vton_XL.png
113,00050,Labrador Retriever,103.1,51.7,68.5,XL,1.041,Good Fit,D:\curated_subsets_pipeline_outputs\curated_clean_sideview\stage_1_3d_meshes\labrador\00050_stage1_mesh.obj,D:\curated_subsets_pipeline_outputs\curated_clean_sideview\stage_2_depth_maps\labrador\00050_stage2_depth.png,D:\curated_subsets_pipeline_outputs\curated_clean_sideview\stage_3_anatomical_masks\labrador\00050_stage3_mask_XL.png,D:\curated_subsets_pipeline_outputs\curated_clean_sideview\stage_4_vton_renders\labrador\00050_stage4_vton_XL.png
114,00051,Labrador Retriever,116.7,65.2,71.6,XL,1.179,Tight,D:\curated_subsets_pipeline_outputs\curated_clean_sideview\stage_1_3d_meshes\labrador\00051_stage1_mesh.obj,D:\curated_subsets_pipeline_outputs\curated_clean_sideview\stage_2_depth_maps\labrador\00051_stage2_depth.png,D:\curated_subsets_pipeline_outputs\curated_clean_sideview\stage_3_anatomical_masks\labrador\00051_stage3_mask_XL.png,D:\curated_subsets_pipeline_outputs\curated_clean_sideview\stage_4_vton_renders\labrador\00051_stage4_vton_XL.png
115,00052,Labrador Retriever,87.2,52.6,68.8,L,1.014,Good Fit,D:\curated_subsets_pipeline_outputs\curated_clean_sideview\stage_1_3d_meshes\labrador\00052_stage1_mesh.obj,D:\curated_subsets_pipeline_outputs\curated_clean_sideview\stage_2_depth_maps\labrador\00052_stage2_depth.png,D:\curated_subsets_pipeline_outputs\curated_clean_sideview\stage_3_anatomical_masks\labrador\00052_stage3_mask_L.png,D:\curated_subsets_pipeline_outputs\curated_clean_sideview\stage_4_vton_renders\labrador\00052_stage4_vton_L.png
116,00053,Labrador Retriever,86.5,61.0,79.5,L,1.006,Good Fit,D:\curated_subsets_pipeline_outputs\curated_clean_sideview\stage_1_3d_meshes\labrador\00053_stage1_mesh.obj,D:\curated_subsets_pipeline_outputs\curated_clean_sideview\stage_2_depth_maps\labrador\00053_stage2_depth.png,D:\curated_subsets_pipeline_outputs\curated_clean_sideview\stage_3_anatomical_masks\labrador\00053_stage3_mask_L.png,D:\curated_subsets_pipeline_outputs\curated_clean_sideview\stage_4_vton_renders\labrador\00053_stage4_vton_L.png
117,00054,Labrador Retriever,95.7,23.8,76.3,XL,0.967,Good Fit,D:\curated_subsets_pipeline_outputs\curated_clean_sideview\stage_1_3d_meshes\labrador\00054_stage1_mesh.obj,D:\curated_subsets_pipeline_outputs\curated_clean_sideview\stage_2_depth_maps\labrador\00054_stage2_depth.png,D:\curated_subsets_pipeline_outputs\curated_clean_sideview\stage_3_anatomical_masks\labrador\00054_stage3_mask_XL.png,D:\curated_subsets_pipeline_outputs\curated_clean_sideview\stage_4_vton_renders\labrador\00054_stage4_vton_XL.png
118,00055,Labrador Retriever,95.0,135.7,77.7,XL,0.96,Good Fit,D:\curated_subsets_pipeline_outputs\curated_clean_sideview\stage_1_3d_meshes\labrador\00055_stage1_mesh.obj,D:\curated_subsets_pipeline_outputs\curated_clean_sideview\stage_2_depth_maps\labrador\00055_stage2_depth.png,D:\curated_subsets_pipeline_outputs\curated_clean_sideview\stage_3_anatomical_masks\labrador\00055_stage3_mask_XL.png,D:\curated_subsets_pipeline_outputs\curated_clean_sideview\stage_4_vton_renders\labrador\00055_stage4_vton_XL.png
119,00056,Labrador Retriever,91.6,74.2,65.2,L,1.065,Tight,D:\curated_subsets_pipeline_outputs\curated_clean_sideview\stage_1_3d_meshes\labrador\00056_stage1_mesh.obj,D:\curated_subsets_pipeline_outputs\curated_clean_sideview\stage_2_depth_maps\labrador\00056_stage2_depth.png,D:\curated_subsets_pipeline_outputs\curated_clean_sideview\stage_3_anatomical_masks\labrador\00056_stage3_mask_L.png,D:\curated_subsets_pipeline_outputs\curated_clean_sideview\stage_4_vton_renders\labrador\00056_stage4_vton_L.png
120,00057,Labrador Retriever,96.0,33.2,66.0,XL,0.97,Good Fit,D:\curated_subsets_pipeline_outputs\curated_clean_sideview\stage_1_3d_meshes\labrador\00057_stage1_mesh.obj,D:\curated_subsets_pipeline_outputs\curated_clean_sideview\stage_2_depth_maps\labrador\00057_stage2_depth.png,D:\curated_subsets_pipeline_outputs\curated_clean_sideview\stage_3_anatomical_masks\labrador\00057_stage3_mask_XL.png,D:\curated_subsets_pipeline_outputs\curated_clean_sideview\stage_4_vton_renders\labrador\00057_stage4_vton_XL.png
121,00058,Labrador Retriever,87.6,40.0,71.6,L,1.019,Good Fit,D:\curated_subsets_pipeline_outputs\curated_clean_sideview\stage_1_3d_meshes\labrador\00058_stage1_mesh.obj,D:\curated_subsets_pipeline_outputs\curated_clean_sideview\stage_2_depth_maps\labrador\00058_stage2_depth.png,D:\curated_subsets_pipeline_outputs\curated_clean_sideview\stage_3_anatomical_masks\labrador\00058_stage3_mask_L.png,D:\curated_subsets_pipeline_outputs\curated_clean_sideview\stage_4_vton_renders\labrador\00058_stage4_vton_L.png
122,00059,Labrador Retriever,101.9,52.4,73.1,XL,1.029,Good Fit,D:\curated_subsets_pipeline_outputs\curated_clean_sideview\stage_1_3d_meshes\labrador\00059_stage1_mesh.obj,D:\curated_subsets_pipeline_outputs\curated_clean_sideview\stage_2_depth_maps\labrador\00059_stage2_depth.png,D:\curated_subsets_pipeline_outputs\curated_clean_sideview\stage_3_anatomical_masks\labrador\00059_stage3_mask_XL.png,D:\curated_subsets_pipeline_outputs\curated_clean_sideview\stage_4_vton_renders\labrador\00059_stage4_vton_XL.png
123,00060,Labrador Retriever,99.7,135.4,77.9,XL,1.007,Good Fit,D:\curated_subsets_pipeline_outputs\curated_clean_sideview\stage_1_3d_meshes\labrador\00060_stage1_mesh.obj,D:\curated_subsets_pipeline_outputs\curated_clean_sideview\stage_2_depth_maps\labrador\00060_stage2_depth.png,D:\curated_subsets_pipeline_outputs\curated_clean_sideview\stage_3_anatomical_masks\labrador\00060_stage3_mask_XL.png,D:\curated_subsets_pipeline_outputs\curated_clean_sideview\stage_4_vton_renders\labrador\00060_stage4_vton_XL.png
124,00061,Labrador Retriever,81.2,43.9,61.6,L,0.944,Good Fit,D:\curated_subsets_pipeline_outputs\curated_clean_sideview\stage_1_3d_meshes\labrador\00061_stage1_mesh.obj,D:\curated_subsets_pipeline_outputs\curated_clean_sideview\stage_2_depth_maps\labrador\00061_stage2_depth.png,D:\curated_subsets_pipeline_outputs\curated_clean_sideview\stage_3_anatomical_masks\labrador\00061_stage3_mask_L.png,D:\curated_subsets_pipeline_outputs\curated_clean_sideview\stage_4_vton_renders\labrador\00061_stage4_vton_L.png
125,00062,Labrador Retriever,92.0,51.3,71.7,L,1.07,Tight,D:\curated_subsets_pipeline_outputs\curated_clean_sideview\stage_1_3d_meshes\labrador\00062_stage1_mesh.obj,D:\curated_subsets_pipeline_outputs\curated_clean_sideview\stage_2_depth_maps\labrador\00062_stage2_depth.png,D:\curated_subsets_pipeline_outputs\curated_clean_sideview\stage_3_anatomical_masks\labrador\00062_stage3_mask_L.png,D:\curated_subsets_pipeline_outputs\curated_clean_sideview\stage_4_vton_renders\labrador\00062_stage4_vton_L.png
126,00063,Labrador Retriever,92.4,60.5,73.1,L,1.074,Tight,D:\curated_subsets_pipeline_outputs\curated_clean_sideview\stage_1_3d_meshes\labrador\00063_stage1_mesh.obj,D:\curated_subsets_pipeline_outputs\curated_clean_sideview\stage_2_depth_maps\labrador\00063_stage2_depth.png,D:\curated_subsets_pipeline_outputs\curated_clean_sideview\stage_3_anatomical_masks\labrador\00063_stage3_mask_L.png,D:\curated_subsets_pipeline_outputs\curated_clean_sideview\stage_4_vton_renders\labrador\00063_stage4_vton_L.png
127,00064,Labrador Retriever,91.8,50.6,65.0,L,1.067,Tight,D:\curated_subsets_pipeline_outputs\curated_clean_sideview\stage_1_3d_meshes\labrador\00064_stage1_mesh.obj,D:\curated_subsets_pipeline_outputs\curated_clean_sideview\stage_2_depth_maps\labrador\00064_stage2_depth.png,D:\curated_subsets_pipeline_outputs\curated_clean_sideview\stage_3_anatomical_masks\labrador\00064_stage3_mask_L.png,D:\curated_subsets_pipeline_outputs\curated_clean_sideview\stage_4_vton_renders\labrador\00064_stage4_vton_L.png
128,00065,Labrador Retriever,90.1,55.6,75.5,L,1.048,Good Fit,D:\curated_subsets_pipeline_outputs\curated_clean_sideview\stage_1_3d_meshes\labrador\00065_stage1_mesh.obj,D:\curated_subsets_pipeline_outputs\curated_clean_sideview\stage_2_depth_maps\labrador\00065_stage2_depth.png,D:\curated_subsets_pipeline_outputs\curated_clean_sideview\stage_3_anatomical_masks\labrador\00065_stage3_mask_L.png,D:\curated_subsets_pipeline_outputs\curated_clean_sideview\stage_4_vton_renders\labrador\00065_stage4_vton_L.png
129,00066,Labrador Retriever,85.8,58.4,77.2,L,0.998,Good Fit,D:\curated_subsets_pipeline_outputs\curated_clean_sideview\stage_1_3d_meshes\labrador\00066_stage1_mesh.obj,D:\curated_subsets_pipeline_outputs\curated_clean_sideview\stage_2_depth_maps\labrador\00066_stage2_depth.png,D:\curated_subsets_pipeline_outputs\curated_clean_sideview\stage_3_anatomical_masks\labrador\00066_stage3_mask_L.png,D:\curated_subsets_pipeline_outputs\curated_clean_sideview\stage_4_vton_renders\labrador\00066_stage4_vton_L.png
